District,Village,HH_ID,Burnt,Latitude_Baseline_measurement,Longitude_Baseline_measurement,Latitude_Endline_measurement,Longitude_Endline_measurement,Latitude_CCE_measurement,Longitude_CCE_measurement,Latitude_Photo_Median,Longitude_Photo_Median,Lat_mean,Lon_mean
Fategharh,Baraunga Buland,105801,Y,30.63286167,76.27438,30.62891,76.27024,30.374419,76.164135,30.6144,76.1209,30.56264767,76.20741375
Fategharh,Baraunga Buland,105803,N,30.63003833,76.26807333,,,30.37406,76.161541,30.62804794,76.2709198,30.54404876,76.23351138
Fategharh,Baraunga Buland,105818,Y,30.61653333,76.27266833,,,30.613683,76.273358,30.6137,76.2735,30.61463878,76.27317544
Fategharh,Baraunga Buland,105820,N,30.62059667,76.27804333,,,30.372148,76.171015,30.62299156,76.28567505,30.53857874,76.24491113
Fategharh,Baraunga Buland,105821,Y,30.61886333,76.27735,,,30.373474,76.164884,30.62623978,76.28031158,30.5395257,76.24084853
Fategharh,Baraunga Buland,105825,Y,30.62979667,76.26950167,,,30.629732,76.262182,30.6296196,76.26210785,30.62971609,76.26459717
Fategharh,Baraunga Buland,105830,Y,30.62892,76.26972333,,,30.3746329,76.1631856,30.62905,76.27385,30.54420097,76.23558631
Fategharh,Baraunga Buland,105831,Y,30.61662167,76.27891,,,30.372615,76.164491,30.6239,76.2792,30.53771222,76.240867
Fategharh,Baraunga Buland,105833,N,30.6287,76.2692,,,30.380819,76.155592,30.63559914,76.26547241,30.54837271,76.23008814
Fategharh,Baraunga Buland,105837,Y,30.629,76.269,30.63026,76.26828,30.632338,76.271185,30.6323967,76.27119446,30.63099867,76.26991486
Fategharh,Baraunga Buland,105842,Y,30.62958,76.26862333,,,,,30.6313,76.2644,30.63044,76.26651167
Fategharh,Bud Gujran,112401,Y,30.64982333,76.25358833,,,30.390671,76.14338,30.65147018,76.24422455,30.56398817,76.21373096
Fategharh,Bud Gujran,112403,Y,30.65112833,76.25158,,,30.651678,76.251239,,,30.65140317,76.2514095
Fategharh,Bud Gujran,112404,Y,30.65118667,76.25142167,,,30.651679,76.252536,30.6516,76.2526,30.65148856,76.25218589
Fategharh,Bud Gujran,112405,Y,30.63060333,76.268365,30.78219667,76.015145,30.637316,76.244624,30.63719368,76.2447052,30.67182742,76.1932098
Fategharh,Bud Gujran,112408,Y,30.650226,76.253845,30.6516,76.2519,30.651458,76.258798,30.6518,76.2524,30.651271,76.25423575
Fategharh,Bud Gujran,112410,N,30.65015,76.252045,30.65039333,76.25221167,30.39,76.144044,30.65,76.2446,30.58513583,76.22322517
Fategharh,Bud Gujran,112414,Y,30.65772167,76.20200167,30.65015833,76.25199167,30.649672,76.250454,30.6496,76.2501,30.651788,76.23863683
Fategharh,Bud Gujran,112418,N,30.64834,76.25382167,,,30.391823,76.142724,30.6552,76.241,30.565121,76.21251522
Fategharh,Bud Gujran,112419,Y,30.65039333,76.25188333,,,30.390782,76.144391,,,30.52058767,76.19813717
Fategharh,Bud Gujran,112425,N,30.65608,76.24264333,,,30.392045,76.143095,,,30.5240625,76.19286917
Fategharh,Bud Gujran,112426,Y,30.649,76.246,30.64953,76.25298,30.652059,76.251661,,,30.65019633,76.25021367
Fategharh,Chandiala,114304,Y,30.85861167,76.32178833,,,30.856749,76.320068,30.85679817,76.32047272,30.85738628,76.32077635
Fategharh,Chandiala,114306,Y,30.86198,76.32095,30.860445,76.320665,30.865383,76.318108,30.8636,76.3174,30.862852,76.31928075
Fategharh,Chandiala,114308,Y,30.861135,76.321045,,,30.872046,76.317772,30.87200928,76.31796265,30.86839676,76.31892655
Fategharh,Chandiala,114310,Y,30.85483,76.32106167,,,30.859521,76.323335,30.8593,76.3235,30.85788367,76.32263222
Fategharh,Chandiala,114313,Y,30.86168667,76.30798833,,,30.861058,76.325995,,,30.86137233,76.31699167
Fategharh,Chandiala,114315,Y,30.85506333,76.32137333,,,30.510714,76.191054,30.852005,76.31955719,30.73926078,76.27732817
Fategharh,Chandiala,114318,Y,30.860815,76.3200836,,,30.863862,76.3204,30.8613,76.3198,30.86199233,76.32009453
Fategharh,Chandiala,114320,Y,30.855,76.321,30.855788,76.321127,30.857839,76.325922,30.8578,76.3258,30.85660675,76.32346225
Fategharh,Chandiala,114321,Y,30.85561,76.32127167,30.854767,76.322813,30.51661,76.191254,30.8546,76.3202,30.77039675,76.28888467
Fategharh,Chandiala,114322,Y,30.86173833,76.31997167,,,,,30.8648,76.3216,30.86326917,76.32078583
Fategharh,Chandiala,114323,Y,30.81466333,75.91679333,,,30.511262,76.191413,30.8535,76.3207,30.72647511,76.14296878
Fategharh,Chandiala,114327,Y,30.856425,76.32274333,,,30.857885,76.318985,30.8581,76.3187,30.85747,76.32014278
Fategharh,Chandiala,114336,Y,30.86081,76.32009333,,,30.51498,76.192467,,,30.687895,76.25628017
Fategharh,Dera Mir Miran,117901,Y,30.3941307,76.2146027,30.661493,76.362867,30.663405,76.361433,30.66341972,76.36144257,30.59561211,76.32508632
Fategharh,Dera Mir Miran,117908,Y,30.66118667,76.36362333,,,,,,,30.66118667,76.36362333
Fategharh,Dera Mir Miran,117911,Y,30.67208,76.35865833,,,30.655557,76.359075,,,30.6638185,76.35886667
Fategharh,Dera Mir Miran,117912,Y,30.65647333,76.36726833,,,30.656542,76.368345,30.6601,76.364,30.65770511,76.36653778
Fategharh,Dera Mir Miran,117915,Y,30.660085,76.36318833,,,30.3958082,76.2144579,30.66617966,76.36266327,30.57402429,76.3134365
Fategharh,Dera Mir Miran,117916,Y,30.66009667,76.36368167,,,30.395718,76.214925,30.6598,76.3647,30.57187156,76.31443556
Fategharh,Dera Mir Miran,117920,Y,30.659795,76.36480833,,,30.654501,76.360794,30.6544,76.3608,30.656232,76.36213411
Fategharh,Dera Mir Miran,117922,Y,30.65959333,76.36440333,,,30.657124,76.3666536,30.6598,76.363823,30.65883911,76.36495998
Fategharh,Dera Mir Miran,117924,Y,30.66038833,76.36405,,,30.394947,76.213408,30.6638,76.359474,30.57304511,76.31231067
Fategharh,Dera Mir Miran,117928,Y,30.65880167,76.36340833,30.3931351,76.2149268,30.656951,76.362884,,,30.56962926,76.31373971
Fategharh,Dera Mir Miran,117930,Y,30.39342,76.216608,30.659761,76.365552,30.658387,76.358008,30.65830421,76.35799408,30.59246805,76.32454052
Fategharh,Dera Mir Miran,117933,Y,30.65980333,76.36479333,,,30.40009,76.214919,30.667,76.3637,30.57563111,76.31447078
Fategharh,Harlalpur,125901,N,30.6490307,76.3529205,30.649624,76.352744,30.390042,76.211009,30.65012932,76.35286713,30.5847065,76.31738516
Fategharh,Harlalpur,125902,Y,30.6485672,76.3535614,30.649511,76.352736,30.652352,76.352828,30.65237045,76.35279846,30.65070016,76.35298097
Fategharh,Harlalpur,125903,Y,30.648492,76.3530502,30.64931289,76.35276981,30.65242004,76.34850311,30.6486,76.3583,30.64970623,76.35315578
Fategharh,Harlalpur,125904,N,30.64919833,76.35352667,,,30.391714,76.210813,30.6546,76.3523,30.56517078,76.30554656
Fategharh,Harlalpur,125913,N,30.6492214,76.3529053,30.649286,76.352783,30.654881,76.352587,30.6433,76.3997,30.6491721,76.36449383
Fategharh,Harlalpur,125914,Y,30.649575,76.35264,,,30.648737,76.34499,30.6501,76.3528,30.64947067,76.35014333
Fategharh,Harlalpur,125916,Y,30.64839833,76.35344167,30.566612,76.545802,30.654444,76.351708,30.6544,76.3517,30.63096358,76.40066292
Fategharh,Harlalpur,125925,Y,30.65030333,76.35699167,,,30.653594,76.353034,30.6535,76.3531,30.65246578,76.35437522
Fategharh,Harlalpur,125929,Y,30.64949,76.35573833,,,30.64449221,76.355281,30.6488,76.3528,30.64759407,76.35460644
Fategharh,Harlalpur,125932,Y,30.649465,76.35462667,30.63063667,76.26836833,30.384145,76.211275,30.6449,76.3535,30.57728667,76.2969425
Fategharh,Hussainpura,126606,Y,30.71694167,76.43517167,30.71813049,76.43478731,30.719872,76.463325,30.71989632,76.46320343,30.71871012,76.44912185
Fategharh,Hussainpura,126607,Y,30.71713,76.43605,,,30.721104,76.447059,30.7211,76.447,30.719778,76.44336967
Fategharh,Hussainpura,126611,Y,30.70997333,76.44453667,,,30.708033,76.441763,30.708,76.4418,30.70866878,76.44269989
Fategharh,Hussainpura,126628,Y,30.71777167,76.43795667,30.71817167,76.43773833,30.718751,76.437859,30.7186,76.4379,30.71832358,76.4378635
Fategharh,Hussainpura,126631,Y,30.7189846,76.436352,30.718175,76.437686,30.719104,76.436336,30.7188,76.436,30.7187659,76.4365935
Fategharh,Hussainpura,126633,Y,30.71882333,76.43584167,,,30.231339,76.436441,30.7197,76.4364,30.55662078,76.43622756
Fategharh,Jiwanpura,128907,Y,,,,,30.525086,76.464407,30.5252,76.4645,30.525143,76.4644535
Fategharh,Jiwanpura,128908,Y,30.53414667,76.49368167,30.76101667,76.08657,30.520358,76.471046,30.52046967,76.47106934,30.58399775,76.38059175
Fategharh,Jiwanpura,128914,Y,30.517,76.465,30.51607333,76.46718167,30.534156,76.480647,30.5313,76.4773,30.52463233,76.47253217
Fategharh,Jiwanpura,128921,N,30.51887667,76.46447667,,,30.515921,76.465926,30.5158,76.466,30.51686589,76.46546756
Fategharh,Jiwanpura,128926,Y,30.5194511,76.4645844,30.519471,76.464585,30.312223,76.272045,30.5226,76.4558,30.46843628,76.4142536
Fategharh,Jiwanpura,128929,Y,30.51760833,76.46506333,30.58765667,76.42055833,30.526672,76.465722,30.5267,76.4657,30.53965925,76.45426092
Fategharh,Jiwanpura,128930,N,30.5176,76.46443,,,30.520317,76.473699,30.52029037,76.47370911,30.51940246,76.4706127
Fategharh,Jiwanpura,128931,Y,30.51770833,76.46501167,,,30.5190378,76.467118,30.51903915,76.46724701,30.5185951,76.46645889
Fategharh,Jiwanpura,128932,Y,30.51842667,76.46362333,,,,,30.5168,76.4657,30.51761333,76.46466167
Fategharh,Jiwanpura,128934,Y,30.51571,76.465015,,,30.522127,76.474183,30.5177,76.4638,30.51851233,76.467666
Fategharh,Jiwanpura,128940,N,,,,,30.526672,76.465722,30.52539063,76.46517944,30.52603131,76.46545072
Fategharh,Jiwanpura,128941,Y,30.52383833,76.476765,30.517745,76.464789,30.534146,76.480651,30.53420258,76.48074341,30.52748298,76.4757371
Fategharh,Lallon Khurd,139501,N,30.61,76.123,30.611898,76.12301,30.371559,76.072503,30.6106,76.1229,30.55101425,76.11035325
Fategharh,Lallon Khurd,139503,Y,30.60975333,76.1227,,,30.364963,76.07404,30.612296,76.1233865,30.52900411,76.10670883
Fategharh,Lallon Khurd,139505,N,30.6113491,76.1237869,30.610335,76.122145,30.610549,76.124583,30.6092,76.1219,30.61035828,76.12310373
Fategharh,Lallon Khurd,139506,Y,30.6119499,76.122879,,,30.365252,76.070824,30.61432076,76.11897278,30.53050755,76.10422526
Fategharh,Lallon Khurd,139507,Y,30.6113396,76.1227112,30.610445,76.12200667,30.371011,76.072689,30.61109734,76.12049103,30.55097323,76.10947447
Fategharh,Lallon Khurd,139510,N,30.61131,76.121295,,,30.363012,76.075365,30.6083,76.1316,30.52754067,76.10942
Fategharh,Lallon Khurd,139512,Y,,,,,30.365208,76.071348,30.61449432,76.12049103,30.48985116,76.09591951
Fategharh,Lallon Khurd,139514,Y,30.61008833,76.12063167,30.605423,76.125412,,,30.5974,76.1266,30.60430378,76.12421456
Fategharh,Lallon Khurd,139517,Y,30.611,76.121,30.75,76.78,30.364982,76.071363,30.6102,76.119,30.5840455,76.27284075
Fategharh,Lallon Khurd,139518,Y,30.61023333,76.12292167,,,30.609983,76.125745,30.61,76.126,30.61007211,76.12488889
Fategharh,Lallon Khurd,139519,Y,30.6108723,76.1233215,30.78951,75.987165,30.610579,76.1240911,30.6094,76.124,30.65509033,76.0896444
Fategharh,Lallon Khurd,139524,Y,30.61104833,76.12141667,,,30.616064,76.122157,30.6108,76.1215,30.61263744,76.12169122
Fategharh,Lallon Khurd,139528,Y,30.61044833,76.12312833,,,30.60945,76.125403,,,30.60994917,76.12426567
Fategharh,Mianpur,147301,Y,30.516,76.479,30.51612595,76.48051965,30.522709,76.48024,30.52263069,76.48021698,30.51936641,76.47999416
Fategharh,Mianpur,147303,Y,30.53019833,76.49804667,30.51574153,76.48103596,30.509683,76.474405,30.50970078,76.47425842,30.51633091,76.48193651
Fategharh,Mianpur,147305,Y,30.51613167,76.480635,,,30.303827,76.292548,30.5142,76.48665,30.44471956,76.41994433
Fategharh,Mianpur,147311,Y,30.51816333,76.48744333,30.517385,76.485601,30.51722,76.486347,30.51701355,76.48729706,30.51744547,76.4866721
Fategharh,Mianpur,147315,Y,30.37533667,76.65046833,30.51540224,76.48101195,30.312071,76.284605,30.5224,76.4795,30.43130248,76.47389632
Fategharh,Mianpur,147316,Y,30.521,76.482,30.517385,76.485601,30.51826,76.4888136,30.5175,76.4799,30.51853625,76.48407865
Fategharh,Mianpur,147329,Y,,,,,30.305023,76.285699,30.514,76.4825,30.4095115,76.3840995
Fategharh,Mianpur,147333,Y,30.51534833,76.4805,30.51624,76.48081,30.510693,76.490583,30.51062965,76.4911499,30.51322775,76.48576073
Fategharh,Mianpur,147336,Y,30.516,76.48,30.516278,76.480615,30.516575,76.476581,30.51667976,76.47672272,30.51638319,76.47847968
Fategharh,Mianpur,147337,Y,30.516035,76.47798833,,,30.520631,76.483986,30.52040291,76.48400879,30.51902297,76.48199437
Fategharh,Nanowal,151701,Y,30.85824167,76.31293833,30.854851,76.307945,,,30.8574,76.3116,30.85683089,76.31082778
Fategharh,Nanowal,151702,Y,30.86394,76.309765,,,,,30.8568,76.3079,30.86037,76.3088325
Fategharh,Nanowal,151706,Y,30.858575,76.30735333,,,30.87501,76.31089,30.8749,76.3108,30.869495,76.30968111
Fategharh,Nanowal,151708,Y,30.856,76.306,30.5124756,76.1824286,30.856857,76.305389,30.8569,76.3054,30.77055815,76.2748044
Fategharh,Nanowal,151714,Y,30.85771667,76.306995,,,30.853339,76.307444,,,30.85552783,76.3072195
Fategharh,Nanowal,151720,Y,30.85750833,76.30830833,,,30.523329,76.183168,30.8576,76.3083,30.74614578,76.26659211
Fategharh,Nanowal,151723,Y,30.8568726,76.3079758,30.856918,76.309466,30.520964,76.175886,,,30.7449182,76.2644426
Fategharh,Nanowal,151726,Y,30.85013167,76.30855833,,,30.850338,76.308803,30.850093,76.3085855,30.85018756,76.30864894
Fategharh,Nanowal,151727,Y,30.85566,76.30992333,,,30.850257,76.313217,30.8503,76.3134,30.85207233,76.31218011
Fategharh,Nanowal,151732,Y,30.8488,76.3084,30.84977685,76.30837052,30.846948,76.315118,,,30.84850828,76.31062951
Fategharh,Nanowal,151738,Y,30.85590667,76.30961,,,30.510096,76.183781,30.8564,76.3083,30.74080089,76.26723033
Fategharh,Salana Dulla Singh Wala,161802,Y,30.65602167,76.19953667,,,30.648395,76.199397,30.648443,76.199448,30.65095322,76.19946056
Fategharh,Salana Dulla Singh Wala,161803,Y,,,,,,,30.6638,76.1861,30.6638,76.1861
Fategharh,Salana Dulla Singh Wala,161807,Y,30.65646833,76.20005167,,,30.653164,76.200587,30.6532,76.2007,30.65427744,76.20044622
Fategharh,Salana Dulla Singh Wala,161814,Y,30.65816833,76.199925,,,30.653956,76.196397,30.656296,76.195053,30.65614011,76.197125
Fategharh,Salana Dulla Singh Wala,161819,Y,30.3932388,76.1158533,30.63374,76.20445,30.653488,76.186196,,,30.5601556,76.1688331
Fategharh,Salana Dulla Singh Wala,161824,Y,30.66074,76.19148333,30.658386,76.198234,30.660725,76.191686,30.6608,76.1917,30.66016275,76.19327583
Fategharh,Salana Dulla Singh Wala,161828,Y,30.65969,76.198155,,,30.655411,76.189924,30.659206,76.199203,30.65810233,76.19576067
Fategharh,Salana Dulla Singh Wala,161830,Y,30.3932058,76.1157352,30.393377,76.115269,30.6506,76.193511,30.6592,76.1992,30.5240957,76.1559288
Fategharh,Shadipur,164502,Y,30.750725,76.43275,,,30.749241,76.433927,30.74910355,76.43190002,30.74968985,76.43285901
Fategharh,Shadipur,164504,Y,30.75188,76.43172,30.75207,76.431798,,,30.753494,76.4397275,30.75248133,76.43441517
Fategharh,Shadipur,164505,Y,30.751,76.433,30.76171,76.43245,30.7498803,76.434648,30.7527,76.4355,30.75382258,76.4338995
Fategharh,Shadipur,164506,Y,30.74914,76.40985667,,,30.759424,76.424636,30.7507,76.4271,30.753088,76.42053089
Fategharh,Shadipur,164507,Y,30.75151,76.43104167,,,30.749241,76.429939,30.7493,76.4301,30.750017,76.43036022
Fategharh,Shadipur,164509,Y,30.75279,76.43059667,,,30.451081,76.254884,30.747,76.4373,30.65029033,76.37426022
Fategharh,Shadipur,164515,Y,,,,,30.75044,76.426983,30.7511,76.4329,30.75077,76.4299415
Fategharh,Shadipur,164516,Y,,,,,,,30.7524,76.4338,30.7524,76.4338
Fategharh,Shadipur,164523,Y,,,,,30.750143,76.435806,30.7504,76.4353,30.7502715,76.435553
Fategharh,Shadipur,164524,Y,30.75179,76.42952833,,,,,,,30.75179,76.42952833
Fategharh,Shadipur,164526,Y,30.75063333,76.43297,,,30.750294,76.433396,30.74985,76.4325,30.75025911,76.43295533
Fategharh,Shadipur,164527,Y,30.75266333,76.430905,,,30.451247,76.25296,,,30.60195517,76.3419325
Fategharh,Shadipur,164530,Y,30.74886,76.43488,,,30.451746,76.254672,30.7551165,76.430298,30.6519075,76.37328333
Fategharh,Shadipur,164531,Y,30.751745,76.432805,,,30.450874,76.253968,30.75238991,76.42765045,30.65166964,76.37147448
Fatehabad,Bangram,205401,Y,,,,,29.4512,75.4125,29.4514,75.4128,29.4513,75.41265
Fatehabad,Bangram,205406,N,29.43183667,75.42582667,,,29.4301,75.4283,29.4497,75.4238,29.43721222,75.42597556
Fatehabad,Bangram,205408,Y,29.449665,75.424135,,,29.4457,75.3995,,,29.4476825,75.4118175
Fatehabad,Bangram,205411,Y,,,,,29.449,75.4143,29.4488,75.4145,29.4489,75.4144
Fatehabad,Bangram,205416,Y,,,,,29.2705,75.2431,29.4495,75.4228,29.36,75.33295
Fatehabad,Bangram,205422,Y,,,,,29.4641,75.4241,29.46570969,75.42477417,29.46490484,75.42443708
Fatehabad,Bangram,205430,Y,,,,,29.4676,75.4165,29.4574,75.4158,29.4625,75.41615
Fatehabad,Bangram,205441,Y,,,,,29.4625,75.4141,29.4506,75.4306,29.45655,75.42235
Fatehabad,Hasinga,226101,N,29.60308,75.61711833,,,29.609096,75.617031,,,29.606088,75.61707467
Fatehabad,Hasinga,226106,N,,,,,29.5906,75.6653,29.5895,75.6278,29.59005,75.64655
Fatehabad,Hasinga,226107,N,29.59551833,75.62518333,,,29.595322,75.625797,29.5951,75.6192,29.59531344,75.62339344
Fatehabad,Hasinga,226108,N,,,,,29.5951,75.621,,,29.5951,75.621
Fatehabad,Hasinga,226115,N,,,,,29.5965,75.6149,29.5961,75.6156,29.5963,75.61525
Fatehabad,Hasinga,226116,N,29.58928,75.6186,,,29.5894,75.619,29.5813,75.6206,29.58666,75.6194
Fatehabad,Hasinga,226117,N,,,,,29.5791,75.6172,29.5789,75.6166,29.579,75.6169
Fatehabad,Hasinga,226119,N,29.60262833,75.61756833,,,29.601875,75.61211,29.602,75.6121,29.60216778,75.61392611
Fatehabad,Hasinga,226129,N,29.60284667,75.617785,,,29.5796,75.6205,29.5797,75.6206,29.58738222,75.61962833
Fatehabad,Hasinga,226130,N,,,,,29.58675,75.619967,29.5951,75.6192,29.590925,75.6195835
Fatehabad,Hasinga,226135,N,29.602635,75.61742,,,29.581872,75.620021,29.58185005,75.62021637,29.58878568,75.61921912
Fatehabad,Hasinga,226136,N,,,,,,,29.6037,75.6096,29.6037,75.6096
Fatehabad,Khariati Khera,234924,Y,29.51030167,75.35730167,,,,,29.5134,75.3667,29.51185083,75.36200083
Fatehabad,Khariati Khera,234925,Y,29.51012,75.35706,,,29.518224,75.341923,29.5167,75.3438,29.51501467,75.34759433
Fatehabad,Khariati Khera,234926,Y,,,,,29.5164,75.3676,,,29.5164,75.3676
Fatehabad,Khariati Khera,234928,Y,,,,,29.5165,75.348305,,,29.5165,75.348305
Fatehabad,Khariati Khera,234929,Y,,,,,29.518025,75.342332,29.51815,75.34205,29.5180875,75.342191
Fatehabad,Khariati Khera,234931,Y,,,,,29.5175,75.3476,29.5209,75.3403,29.5192,75.34395
Fatehabad,Khariati Khera,234933,Y,,,,,29.5165,75.3423,29.5165,75.3424,29.5165,75.34235
Fatehabad,Khariati Khera,234934,Y,29.51056333,75.35744,,,29.5126,75.3663,29.5128,75.3662,29.51198778,75.36331333
Fatehabad,Khariati Khera,234935,Y,,,,,29.5147,75.3697,29.5165,75.3484,29.5156,75.35905
Fatehabad,Khariati Khera,234936,Y,,,,,29.5131,75.3669,29.5122,75.3675,29.51265,75.3672
Fatehabad,Lalauda,239102,Y,29.63932667,75.87447333,,,29.628752,75.861022,29.6395,75.8754,29.63585956,75.87029844
Fatehabad,Lalauda,239104,Y,29.3822837,75.5228215,29.640129,75.874489,29.6227,75.8778,29.6228,75.8778,29.56697818,75.78822763
Fatehabad,Lalauda,239110,Y,,,,,29.641218,75.892926,,,29.641218,75.892926
Fatehabad,Lalauda,239119,Y,29.63911667,75.87461667,,,29.621187,75.868354,29.6212,75.8683,29.62716789,75.87042356
Fatehabad,Lalauda,239120,Y,29.64595,75.86731,,,29.641845,75.88865,29.6417408,75.88873291,29.6431786,75.8815643
Fatehabad,Lalauda,239124,Y,29.62821167,75.86922333,,,29.6272,75.8731,29.62731934,75.87309265,29.627577,75.87180533
Fatehabad,Lalauda,239125,Y,29.63753,75.87362333,,,29.635,75.8739,29.6246,75.8773,29.63237667,75.87494111
Fatehabad,Lalauda,239136,Y,29.63558833,75.87211833,,,29.6233,75.8748,29.6245,75.8772,29.62779611,75.87470611
Fatehabad,Lalauda,239138,Y,29.63760333,75.87370833,,,29.6393,75.8739,29.62704086,75.87290955,29.63464807,75.87350596
Fatehabad,Lalauda,239139,Y,29.63777333,75.87411833,,,29.6238,75.8755,29.6398,75.8746,29.63379111,75.87473944
Fatehabad,Nangli,251501,Y,29.615635,75.88783667,,,29.609186,75.878558,29.6092,75.8785,29.61134033,75.88163156
Fatehabad,Nangli,251502,Y,29.365253,75.5310979,29.614771,75.88607,29.6152,75.8689,29.6151,75.8689,29.552581,75.78874198
Fatehabad,Nangli,251503,Y,29.61504833,75.88886167,,,29.627583,75.889605,29.62760544,75.88960266,29.62341226,75.88935644
Fatehabad,Nangli,251504,Y,29.61540833,75.88770833,,,29.61417389,75.88182068,29.61415,75.88075,29.61457741,75.88342634
Fatehabad,Nangli,251505,Y,29.61442833,75.88689333,,,29.6173,75.8855,29.6174,75.8856,29.61637611,75.88599778
Fatehabad,Nangli,251508,Y,,,,,29.607558,75.87907,29.6074,75.8791,29.607479,75.879085
Fatehabad,Nangli,251512,Y,,,,,29.6222,75.8857,29.6085,75.8873,29.61535,75.8865
Fatehabad,Nangli,251513,Y,29.61654,75.88446667,,,29.6211,75.8857,29.6199,75.8837,29.61918,75.88462222
Fatehabad,Nangli,251521,Y,29.61527167,75.88890833,,,29.677626,75.890412,,,29.64644883,75.88966017
Fatehabad,Nangli,251522,Y,,,,,29.6146,75.8754,29.6146,75.8754,29.6146,75.8754
Fatehabad,Nangli,251525,Y,,,,,29.60977,75.878428,29.6145,75.8858,29.612135,75.882114
Fatehabad,Nangli,251526,Y,29.614495,75.887715,,,29.6216,75.8857,29.6217,75.8858,29.619265,75.886405
Fatehabad,Nangli,251527,Y,29.61551667,75.88896333,,,29.628152,75.889979,29.6281,75.8899,29.62392289,75.88961411
Fatehabad,Nangli,251529,Y,29.3652646,75.5311309,29.614702,75.88577,29.601044,75.887609,29.6011,75.8876,29.54552765,75.79802748
Fatehabad,Shekhupur Sotar,266015,Y,29.58999333,75.56560167,,,29.35167,75.342166,29.5879,75.5727,29.50985444,75.49348922
Fatehabad,Shekhupur Sotar,266021,Y,29.5889,75.56533167,,,29.5847,75.5628,29.5897,75.5635,29.58776667,75.56387722
Ludhiana,Daudpur,317402,Y,30.72495167,76.20108833,30.725344,76.200762,30.432934,76.120089,30.7248,76.2003,30.65200742,76.18055983
Ludhiana,Daudpur,317425,Y,30.73413667,76.1936,,,30.440299,76.113667,30.7248,76.1884,30.63307856,76.16522233
Ludhiana,Daudpur,317429,Y,30.72514667,76.18908667,30.725344,76.200762,30.435482,76.1137,30.731941,76.195,30.65447842,76.17463717
Ludhiana,Dhandra,318803,Y,30.83026167,75.828755,,,30.841787,75.817245,,,30.83602433,75.823
Ludhiana,Dhandra,318809,Y,30.83057667,75.83008167,,,30.825067,75.846869,30.8249795,75.846817,30.82687439,75.84125589
Ludhiana,Dhandra,318817,Y,30.83094,75.82797,,,30.831348,75.84697,30.831355,75.84685,30.83121433,75.84059667
Ludhiana,Dhandra,318824,Y,30.83057667,75.82762333,,,30.8282536,75.840629,30.82825,75.8406,30.82902676,75.83628411
Ludhiana,Dhandra,318830,Y,30.83084333,75.83200667,,,30.830951,75.846432,30.8311,75.8476,30.83096478,75.84201289
Ludhiana,Dhandra,318831,Y,30.83208,75.83159667,,,30.825055,75.835134,30.8248,75.8354,30.82731167,75.83404356
Ludhiana,Dhandra,318834,Y,,,,,30.848574,75.819683,30.8251,75.8354,30.836837,75.8275415
Ludhiana,Gaggar Majra,322302,Y,,,,,30.738886,76.139126,30.7405,76.138,30.739693,76.138563
Ludhiana,Gaggar Majra,322303,Y,30.71782833,76.145585,,,,,30.7279,76.1404,30.72286417,76.1429925
Ludhiana,Gaggar Majra,322307,Y,30.73641167,76.13682,,,30.736724,76.132453,30.736567,76.137047,30.73656756,76.13544
Ludhiana,Gaggar Majra,322316,Y,30.73576,76.13788167,30.82996064,75.83014365,30.73399,76.136482,,,30.76657021,76.03483577
Ludhiana,Gaggar Majra,322317,Y,30.73598833,76.13635333,,,30.735092,76.136545,30.7353,76.1365,30.73546011,76.13646611
Ludhiana,Gaggar Majra,322320,Y,30.71511333,76.143335,30.856711,76.32214,30.712421,76.129864,30.71284866,76.13170624,30.7492735,76.18176131
Ludhiana,Gaggar Majra,322322,Y,30.737185,76.13774333,,,30.736883,76.138365,30.737,76.138,30.73702267,76.13803611
Ludhiana,Gaggar Majra,322325,Y,30.71821,76.14421167,,,30.721888,76.14908,30.72183037,76.14919281,30.72064279,76.14749483
Ludhiana,Gaggar Majra,322331,Y,30.73751667,76.13770167,,,30.73423078,76.81724633,30.73405,76.13825,30.73526582,76.36439933
Ludhiana,Gaggar Majra,322334,Y,30.71837,76.14890833,,,30.728055,76.139565,30.727873,76.1395,30.724766,76.14265778
Ludhiana,Kakrala Khurd,329706,Y,30.84037667,76.26846833,,,30.84038,76.271173,30.8406,76.2696,30.84045222,76.26974711
Ludhiana,Kakrala Khurd,329714,Y,30.84263667,76.293075,,,,,30.8478,76.2873,30.84521833,76.2901875
Ludhiana,Kakrala Khurd,329721,Y,30.84328,76.2933036,30.84213988,76.29135576,,,,,30.84270994,76.29232968
Ludhiana,Kakrala Khurd,329725,Y,30.84444333,76.272795,,,30.503057,76.165823,30.8418,76.2828,30.72976678,76.24047267
Ludhiana,Kakrala Khurd,329728,Y,30.841505,76.29262667,,,30.834555,76.290806,30.8345,76.2911,30.83685333,76.29151089
Ludhiana,Kakrala Khurd,329729,N,30.84504833,76.26834667,,,,,,,30.84504833,76.26834667
Ludhiana,Kakrala Khurd,329735,Y,30.83987333,76.268825,,,30.501555,76.161507,30.8335,76.2853,30.72497611,76.238544
Ludhiana,Kakrala Khurd,329738,Y,30.84440833,76.28989167,,,,,30.8492,76.2843,30.84680417,76.28709583
Ludhiana,Kakrala Khurd,329744,Y,30.83993333,76.26904167,,,,,30.8448,76.2942,30.84236667,76.28162083
Ludhiana,Mahmudpura,342101,Y,30.5008,75.5001,30.844278,75.85318,,,30.8351,75.8343,30.726726,75.72919333
Ludhiana,Mahmudpura,342102,Y,,,,,30.835682,75.837065,30.8358,75.8354,30.835741,75.8362325
Ludhiana,Mahmudpura,342103,Y,30.83517167,75.835705,,,30.834208,75.834865,30.8352,75.8339,30.83485989,75.83482333
Ludhiana,Mahmudpura,342104,Y,30.83635667,75.83332833,,,30.833267,75.843237,30.8349,75.8331,30.83484122,75.83655511
Ludhiana,Mahmudpura,342105,Y,30.83552667,75.83266833,,,30.833668,75.839199,,,30.83459733,75.83593367
Ludhiana,Mahmudpura,342111,Y,30.826295,75.83272333,,,30.833635,75.842174,30.8337,75.8422,30.83121,75.83903244
Ludhiana,Mahmudpura,342113,Y,30.83433167,75.84060833,,,,,30.8353,75.8339,30.83481583,75.83725417
Ludhiana,Mahmudpura,342125,Y,30.5006896,75.5003635,30.8407,75.8328,30.83003,75.841512,30.8354,75.8348,30.7517049,75.75236888
Ludhiana,Sarwarpur,363604,Y,,,,,,,,,#DIV/0!,#DIV/0!
Ludhiana,Sarwarpur,363621,Y,30.79535833,76.25048667,,,30.474293,76.150244,30.8077,76.2677,30.69245044,76.22281022
Ludhiana,Sarwarpur,363627,Y,30.79378667,76.25073833,,,,,30.8079,76.2674,30.80084333,76.25906917
Ludhiana,Sarwarpur,363635,Y,30.80675,76.26760667,,,30.481598,76.16242,,,30.644174,76.21501333
Ludhiana,Sarwarpur,363636,Y,30.90154167,75.81658167,,,30.485765,76.162558,30.81241608,76.26982117,30.73324091,76.08298694
Ludhiana,Sarwarpur,363642,Y,30.79483667,76.25233667,,,30.47215,76.151587,30.8064,76.2679,30.69112889,76.22394122
Patiala,Danipur,416501,Y,30.20216,76.205545,30.2040383,76.203928,30.207672,76.20556,30.2078,76.2053,30.20541758,76.20508325
Patiala,Danipur,416502,Y,30.2040672,76.2041931,30.20413696,76.20398186,30.208847,76.203858,30.20884132,76.20567322,30.20647312,76.20442654
Patiala,Danipur,416505,Y,30.20414667,76.204245,,,30.122157,76.123817,30.206,76.2106,30.17743456,76.179554
Patiala,Danipur,416508,Y,30.1217938,76.121721,30.203525,76.204567,30.122753,76.122809,30.2078,76.208183,30.16396795,76.16432
Patiala,Danipur,416510,Y,30.20191833,76.20504667,,,30.208804,76.203606,30.2089,76.20355,30.20654078,76.20406756
Patiala,Danipur,416515,Y,30.203275,76.20480833,,,30.122559,76.12326,30.2071,76.2091,30.17764467,76.17905611
Patiala,Danipur,416516,Y,30.199605,76.19922,,,30.199725,76.199796,30.1998,76.1997,30.19971,76.199572
Patiala,Danipur,416533,Y,30.20441167,76.20516333,,,30.205573,76.202417,,,30.20499233,76.20379017
Patiala,Danipur,416537,Y,30.20420333,76.20423667,,,30.206089,76.204376,,,30.20514617,76.20430633
Patiala,Danipur,416538,Y,30.1211209,76.121653,30.204098,76.204412,30.121371,76.123756,30.203829,76.2104,30.16260473,76.16505525
Patiala,Ghiora,423101,Y,30.51816333,76.40468,,,30.124472,76.267277,30.1276,76.2673,30.25674511,76.31308567
Patiala,Ghiora,423104,Y,30.531255,76.40436333,,,,,,,30.531255,76.40436333
Patiala,Ghiora,423105,Y,,,,,,,30.13363075,76.27393341,30.13363075,76.27393341
Patiala,Ghiora,423110,Y,30.12481833,76.270485,,,30.075585,76.160897,30.1248,76.2694,30.10840111,76.233594
Patiala,Ghiora,423116,Y,30.12551833,76.26917333,,,,,30.1294,76.2786,30.12745917,76.27388667
Patiala,Ghiora,423121,Y,30.1251907,76.271286,,,,,30.1342,76.2744,30.12969535,76.272843
Patiala,Ghiora,423125,Y,30.12818667,76.28338167,,,,,,,30.12818667,76.28338167
Patiala,Ghiora,423127,Y,30.19657,76.34593833,30.335459,76.4066509,,,,,30.2660145,76.37629462
Patiala,Ghiora,423129,Y,30.75932667,76.08998167,,,,,,,30.75932667,76.08998167
Patiala,Ghiora,423130,Y,30.124765,76.27112,,,,,30.1249,76.2705,30.1248325,76.27081
Patiala,Kalyan,430708,Y,30.35753667,76.30482167,,,30.372733,76.302281,30.3728,76.3023,30.36768989,76.30313422
Patiala,Kalyan,430716,Y,,,,,30.363714,76.284174,30.36343384,76.28425598,30.36357392,76.28421499
Patiala,Kalyan,430720,Y,30.359365,76.30672333,,,30.352918,76.299342,30.35297966,76.29947662,30.35508755,76.30184732
Patiala,Kalyan,430722,Y,30.35728333,76.30375667,,,30.369844,76.296498,30.3705,76.297,30.36587578,76.29908489
Patiala,Kalyan,430727,Y,30.35889667,76.30209,,,30.362101,76.300222,30.3617,76.3008,30.36089922,76.30103733
Patiala,Kalyan,430730,Y,30.358265,76.30596167,,,,,30.3659,76.2982,30.3620825,76.30208083
Patiala,Kalyan,430732,Y,30.35706833,76.305475,,,30.363935,76.300777,30.36373901,76.30110168,30.36158078,76.30245123
Patiala,Kheri Barna,435502,Y,30.24040833,76.26473667,,,30.19899,76.29326,30.19910049,76.2929306,30.21283294,76.28364242
Patiala,Kheri Barna,435508,Y,30.20512333,76.30247,,,30.208687,76.304998,30.2051,76.3022,30.20630344,76.30322267
Patiala,Kheri Barna,435511,Y,30.20352,76.30269167,,,30.199998,76.295722,30.2,76.2958,30.20117267,76.29807122
Patiala,Kheri Barna,435513,Y,30.198165,76.30192167,,,,,30.1986,76.3031,30.1983825,76.30251083
Patiala,Kheri Barna,435515,Y,30.90564167,75.81437667,30.20291906,76.30330724,30.198234,76.30204,30.1988,76.3017,30.37639868,76.18035598
Patiala,Kheri Barna,435516,Y,30.204125,76.30318,,,,,30.19860649,76.30489349,30.20136575,76.30403675
Patiala,Kheri Barna,435518,Y,30.2058392,76.3014832,30.205584,76.301807,30.205837,76.300498,30.20643234,76.29989624,30.20592314,76.30092111
Patiala,Kheri Barna,435519,Y,30.205135,76.30173,30.202897,76.303295,30.196074,76.298532,30.19599915,76.29857635,30.20002629,76.30053334
Patiala,Kheri Barna,435524,Y,30.20553333,76.30209,,,30.205896,76.294921,30.2052,76.3024,30.20554311,76.29980367
Patiala,Kheri Barna,435526,Y,30.1216352,76.1808635,,,30.210566,76.302489,30.21055984,76.30269623,30.18092035,76.26201624
Patiala,Kheri Barna,435527,Y,30.121423,76.1804735,30.205089,76.303001,30.206101,76.299953,30.20609093,76.30003357,30.18467598,76.27086527
Patiala,Kheri Barna,435529,Y,30.20378833,76.302555,,,30.198541,76.29208,30.19841957,76.29219055,30.20024963,76.29560852
Patiala,Kheri Barna,435531,Y,30.20455333,76.30209667,30.2056398,76.3019717,30.206166,76.304969,30.2051,76.302,30.20536478,76.30275934
Patiala,Kheri Barna,435535,Y,30.12117011,76.1806081,30.24656,76.303698,30.205528,76.304825,30.2051,76.3019,30.19458953,76.27275778
Patiala,Kheri Fattan,435811,Y,30.2348137,76.2735825,30.234085,76.274543,30.232203,76.283216,30.2322,76.2833,30.23332543,76.27866038
Patiala,Kheri Fattan,435812,Y,30.23480833,76.27473167,,,,,30.2303,76.2564,30.23255417,76.26556583
Patiala,Kheri Fattan,435814,Y,30.23469167,76.27229,,,30.234349,76.268466,30.23440361,76.26850128,30.23448143,76.26975243
Patiala,Kheri Fattan,435815,Y,30.23482,76.27188,,,30.228457,76.268446,30.2347,76.2744,30.232659,76.27157533
Patiala,Kheri Fattan,435816,Y,30.232165,76.26956167,,,30.227201,76.285539,30.22711945,76.28560638,30.22882848,76.28023568
Patiala,Kheri Fattan,435818,Y,30.23495167,76.27393167,,,,,30.2409,76.2838,30.23792583,76.27886583
Patiala,Kheri Fattan,435819,Y,30.23055167,76.27601667,,,30.238688,76.286032,30.2386,76.2861,30.23594656,76.28271622
Patiala,Kheri Fattan,435826,Y,30.23490667,76.273595,,,30.226826,76.267925,30.22771645,76.26625824,30.22981637,76.26925941
Patiala,Kheri Fattan,435828,Y,30.2349873,76.2741165,30.2346991,76.27420093,30.237098,76.28779,,,30.2355948,76.27870248
Patiala,Kheri Fattan,435832,Y,30.2354374,76.2737961,30.23460133,76.27420094,,,30.2399,76.2812,30.23664624,76.27639901
Patiala,Kheri Fattan,435836,Y,30.235075,76.273455,,,30.235371,76.287791,30.2354,76.2876,30.235282,76.28294867
Patiala,Majoli,442704,Y,30.30236667,76.597155,,,30.292346,76.59776,30.2993,76.596,30.29800422,76.59697167
Patiala,Majoli,442706,Y,30.301,76.597,30.303432,76.596165,30.301711,76.580515,30.3003,76.5969,30.30161075,76.592645
Patiala,Majoli,442709,Y,30.30373333,76.59695667,,,30.303782,76.581407,30.30390549,76.58139801,30.30380694,76.58658723
Patiala,Majoli,442710,Y,30.30379833,76.59688667,,,30.181988,76.362048,30.3032,76.5977,30.26299544,76.51887822
Patiala,Majoli,442712,Y,30.304065,76.59724333,,,30.30216217,76.59643555,30.3033,76.5964,30.30317572,76.59669296
Patiala,Majoli,442715,Y,,,,,,,30.2999,76.5969,30.2999,76.5969
Patiala,Majoli,442719,Y,,,,,,,30.3003,76.5965,30.3003,76.5965
Patiala,Majoli,442728,Y,30.30255167,76.59621167,,,30.18,76.361458,30.3,76.6037,30.26085056,76.52045656
Patiala,Majoli,442737,Y,30.30233667,76.59724167,30.303339,76.596057,30.308505,76.598706,30.3027,76.5966,30.30422017,76.59715117
Patiala,Paharipur,453502,Y,30.19795167,76.375685,,,,,30.202303,76.3649,30.20012733,76.3702925
Patiala,Paharipur,453504,Y,30.18984667,76.37782,30.207001,76.337589,30.186185,76.370408,30.18619919,76.37039948,30.19230796,76.36405412
Patiala,Paharipur,453505,Y,,,,,,,,,#DIV/0!,#DIV/0!
Patiala,Paharipur,453518,Y,30.198,76.375,30.1147554,76.2233181,30.114031,76.230934,30.1947,76.3858,30.1553716,76.30376303
Patiala,Paharipur,453521,Y,30.23787833,76.40191333,30.196573,76.375435,,,,,30.21722567,76.38867417
Patiala,Paharipur,453527,Y,30.20139167,76.3652,30.1126405,76.233,,,30.1906,76.3785,30.16821072,76.32556667
Patiala,Paharipur,453530,Y,30.1967106,76.3751984,30.196573,76.37542,,,30.1977,76.37,30.19699453,76.37353947
Patiala,Paharpur,453605,Y,30.2611179,76.25385,30.2610027,76.2535123,30.272376,76.252756,30.27248001,76.25283051,30.26674415,76.2532372
Patiala,Paharpur,453606,N,30.25867167,76.25056,,,30.270482,76.254805,30.27033,76.255119,30.26649456,76.25349467
Patiala,Paharpur,453609,Y,30.26106833,76.25259833,,,30.269784,76.254775,30.2697,76.2546,30.26685078,76.25399111
Patiala,Paharpur,453611,Y,30.26031833,76.25231,,,30.252871,76.25301,30.26,76.2525,30.25772978,76.25260667
Patiala,Paharpur,453613,Y,30.29651333,76.28725833,,,30.261999,76.242654,30.2621,76.2439,30.27353744,76.25793744
Patiala,Paharpur,453615,Y,30.26006,76.25154667,,,30.258874,76.249382,30.25920105,76.24909973,30.25937835,76.25000947
Patiala,Paharpur,453616,Y,30.25915667,76.25283333,,,30.270175,76.254074,30.259,76.2509,30.26277722,76.25260244
Patiala,Paharpur,453617,Y,30.26077333,76.25247667,,,30.256761,76.249655,30.2569,76.2505,30.25814478,76.25087722
Patiala,Paharpur,453618,Y,30.260479,76.2554169,30.2611164,76.2519959,30.256747,76.249662,30.261858,76.2516,30.2600501,76.2521687
Patiala,Paharpur,453624,Y,30.26080833,76.25395167,,,30.262285,76.254395,30.26217079,76.2543335,30.26175471,76.25422672
Patiala,Paharpur,453625,Y,30.25917,76.25222333,,,30.258112,76.250079,,,30.258641,76.25115117
Patiala,Rurki,460704,Y,30.334,76.534,30.33272,76.582002,30.335393,76.579773,30.33543968,76.57972717,30.33438817,76.56887554
Patiala,Rurki,460709,Y,30.332,76.581,30.332176,76.581937,30.33348,76.576495,30.3336,76.5763,30.332814,76.578933
Patiala,Rurki,460714,Y,30.3321171,76.5818558,30.332177,76.581938,30.331911,76.58614,30.3296,76.5867,30.33145128,76.58415845
Patiala,Rurki,460719,Y,30.49325833,76.58987,30.335469,76.406645,,,30.6199,76.19615,30.48287578,76.397555
Patiala,Rurki,460725,Y,30.33090833,76.58046667,,,30.327029,76.588251,30.3283,76.5908,30.32874578,76.58650589
Patiala,Rurki,460731,Y,30.34494167,76.59550667,30.3321696,76.5833862,30.322673,76.583418,30.32274055,76.58348083,30.33063121,76.58644793
Patiala,Rurki,460734,Y,30.33133,76.58182167,,,30.327017,76.588254,30.32587051,76.58718872,30.3280725,76.5857548
Patiala,Rurki,460740,Y,30.33177667,76.581885,,,,,,,30.33177667,76.581885
Patiala,Sapar Heri,463102,Y,30.341285,76.35574167,30.101036,76.231466,30.682,76.055,30.0994,76.2318,30.30593025,76.21850192
Patiala,Sapar Heri,463106,Y,30.0992928,76.2306519,30.10092761,76.23367164,,,30.0985,76.2294,30.09957347,76.23124118
Patiala,Sapar Heri,463108,Y,30.0999,76.22794833,,,30.100217,76.229015,30.10041046,76.2289505,30.10017582,76.22863794
Patiala,Sapar Heri,463113,Y,30.1006203,76.2352142,,,,,30.10462952,76.2186203,30.10262491,76.22691725
Patiala,Sapar Heri,463115,Y,30.099411,76.2306366,30.099434,76.231631,,,30.09877968,76.22962952,30.09920823,76.23063237
Patiala,Sapar Heri,463119,Y,30.1000942,76.2321545,30.10131609,76.23199132,30.245,76.209,30.09304047,76.23901367,30.13486269,76.22803987
Patiala,Sapar Heri,463132,Y,30.09957667,76.250645,,,30.097942,76.254676,30.0994,76.2318,30.09897289,76.245707
Patiala,Sapar Heri,463133,Y,30.10527833,76.21322333,30.100925,76.233671,30.053351,76.135826,30.0986,76.2297,30.08953858,76.20310508
Patiala,Sapar Heri,463134,Y,30.09917333,76.23135667,,,30.055692,76.134653,30.0996,76.2314,30.08482178,76.19913656
Patiala,Sassa Gujran,463712,Y,30.117,76.323,30.335457,76.4066506,30.114302,76.326121,30.12319756,76.3321991,30.17248914,76.34699267
Patiala,Sassa Gujran,463716,Y,30.119,76.325,30.33548,76.4066521,,,30.1216,76.3307,30.19202667,76.35411737
Patiala,Sassa Gujran,463725,Y,30.30786,76.39737,30.335457,76.4066506,,,,,30.3216585,76.4020103
Patiala,Sassa Gujran,463727,Y,30.27768333,76.38276833,30.335461,76.406651,,,30.1227,76.3331,30.24528144,76.37417311
Patiala,Sassa Gujran,463730,Y,30.42025667,76.05605833,30.0721448,76.195551,30.07065,76.200205,30.11857986,76.33381653,30.17040783,76.19640772
Patiala,Sassa Gujran,463731,Y,30.117,76.323,,,30.11990547,76.32541656,,,30.11845274,76.32420828
Patiala,Ucha Gaon,470604,Y,30.36776333,76.33381167,,,30.365579,76.335461,30.36553955,76.33527374,30.36629396,76.3348488
Patiala,Ucha Gaon,470606,Y,30.36773167,76.34149,,,30.3802,76.322693,30.3703055,76.322712,30.37274572,76.328965
Patiala,Ucha Gaon,470609,Y,30.37179167,76.33825,,,30.366751,76.333768,30.36668968,76.33381653,30.36841078,76.33527818
Patiala,Ucha Gaon,470613,Y,30.37573333,76.34102833,,,30.375884,76.33903,30.3725,76.3378,30.37470578,76.33928611
Patiala,Ucha Gaon,470620,Y,30.3731,76.33836167,,,30.223576,76.20051,30.3766,76.3347,30.32442533,76.29119056
Patiala,Ucha Gaon,470621,Y,30.37213667,76.33873667,,,30.370192,76.325393,30.3688,76.3254,30.37037622,76.32984322
Patiala,Ucha Gaon,470622,Y,,,,,30.368558,76.330883,30.36845016,76.33080292,30.36850408,76.33084296
Patiala,Ucha Gaon,470624,Y,30.37320667,76.33895167,,,30.371836,76.334368,30.372,76.3344,30.37234756,76.33590656
Patiala,Ucha Gaon,470627,Y,30.37449667,76.341335,,,,,30.3718,76.337,30.37314833,76.3391675
Patiala,Ucha Gaon,470632,Y,30.37220333,76.33138333,,,30.377734,76.330797,30.3773,76.3307,30.37574578,76.33096011
Patiala,Ucha Gaon,470635,Y,30.37271,76.33735833,,,30.222526,76.201252,30.3735,76.3368,30.322912,76.29180344
Sirsa,Bhangu,508701,N,29.66230667,74.99620667,,,29.6451,75.9964,29.645,74.9964,29.65080222,75.32966889
Sirsa,Bhangu,508703,N,29.64580333,74.98985333,,,29.6462,75.9904,29.6454,74.9907,29.64580111,75.32365111
Sirsa,Bhangu,508707,N,29.662305,74.99619167,,,29.6648,75.0042,29.6647,75.0042,29.663935,75.00153056
Sirsa,Bhangu,508709,N,29.662645,74.99623333,,,29.6578,75.011,29.6578,75.0111,29.659415,75.00611111
Sirsa,Bhangu,508715,N,,,,,29.6501,75.9945,29.6506,74.9943,29.65035,75.4944
Sirsa,Bhangu,508717,N,,,,,29.6414,75.0068,29.6414,75.00685,29.6414,75.006825
Sirsa,Bhangu,508719,N,29.66253,74.99646167,,,29.6529,75.0071,29.6524,75.0072,29.65594333,75.00358722
Sirsa,Bhangu,508721,N,29.66253667,74.99622833,,,29.643,75.9965,29.6431,74.9967,29.64954556,75.32980944
Sirsa,Bhangu,508725,N,29.66236167,74.99561833,,,29.666,75.0098,29.6658,75.01,29.66472056,75.00513944
Sirsa,Bhangu,508732,N,29.66230333,74.996305,29.395413,74.59503,29.6626,75.0041,29.6632,75.0042,29.59587908,74.89990875
Sirsa,Bhangu,508733,N,29.66471667,74.99450667,,,29.6708,75,29.6709,74.9988,29.66880556,74.99776889
Sirsa,Bhangu,508734,N,29.3944514,74.5946487,29.395412,74.595019,29.6458,75.003,29.646,75.0029,29.52041585,74.79889193
Sirsa,Bhangu,508742,N,29.66381333,74.99683,,,29.6621188,75.02020995,29.6616,75.0207,29.66251071,75.01257998
Sirsa,Bhangu,508746,N,29.66237833,74.99608,,,29.6531,75,29.653,74.9961,29.65615944,74.99739333
Sirsa,Goria Wala,524402,N,29.78418833,74.74964167,,,29.775,75.7501,,,29.77959417,75.24987083
Sirsa,Goria Wala,524406,N,29.794245,74.75865,,,29.7933,75.7581,29.7843,74.7498,29.790615,75.08885
Sirsa,Goria Wala,524411,N,,,,,29.7794,75.7546,29.7795,74.7545,29.77945,75.25455
Sirsa,Goria Wala,524412,N,29.78408333,74.74914833,,,29.7693,75.7515,29.7694,74.7515,29.77426111,75.08404944
Sirsa,Goria Wala,524416,N,,,,,29.77,75.7489,29.7702,74.7491,29.7701,75.249
Sirsa,Goria Wala,524420,N,29.802845,74.76339,,,29.8045,75.7215,29.80277634,74.72345734,29.80337378,75.06944911
Sirsa,Goria Wala,524424,N,29.77748667,74.75472167,,,29.7795,75.752,29.77960014,74.75208282,29.77886227,75.08626816
Sirsa,Goria Wala,524425,N,29.80317333,74.76353833,,,29.805,75.7222,29.80507088,74.72228241,29.80441474,75.06934025
Sirsa,Goria Wala,524427,N,29.78400833,74.74923333,,,29.7664,75.7515,29.785,74.7498,29.77846944,75.08351111
Sirsa,Goria Wala,524429,N,29.78361167,74.75011167,,,29.7751,75.7216,29.7752,74.7216,29.77797056,75.06443722
Sirsa,Goria Wala,524432,N,29.78587333,74.75025667,,,29.7769,75.7465,29.7768898,74.74669647,29.77988771,75.08115105
Sirsa,Goria Wala,524436,N,29.78420833,74.74922833,,,29.7921,75.7578,29.785,74.7498,29.78710278,75.08560944
Sirsa,Goria Wala,524440,N,,,,,29.7883,75.7616,29.7844,74.7497,29.78635,75.25565
Sirsa,Goria Wala,524444,N,29.4703967,74.4503983,,,29.767,75.7388,29.76765,74.7391,29.6683489,74.97609943
Sirsa,Jhuti Khera,528803,N,29.80244167,74.76412667,,,29.805,75.7228,29.80503082,74.72271729,29.8041575,75.06988132
Sirsa,Jhuti Khera,528809,N,29.78404667,74.74944667,,,29.81045341,74.72502136,29.8108,74.7248,29.80176669,74.73308934
Sirsa,Jhuti Khera,528812,N,29.80275167,74.7642,,,29.8003,75.7639,29.8005,74.7642,29.80118389,75.09743333
Sirsa,Jhuti Khera,528813,N,29.80345167,74.763035,,,29.8036,75.7605,,,29.80352583,75.2617675
Sirsa,Jhuti Khera,528814,N,29.80449833,74.76196667,,,29.8025,75.7596,29.8024,74.7597,29.80313278,75.09375556
Sirsa,Jhuti Khera,528816,N,,,,,29.788,75.7371,,,29.788,75.7371
Sirsa,Jhuti Khera,528820,N,29.80265833,74.764705,,,,,29.7949,74.7653,29.79877917,74.7650025
Sirsa,Jhuti Khera,528822,N,,,,,29.81,75.7249,29.81,74.7252,29.81,75.22505
Sirsa,Jhuti Khera,528823,N,29.80295,74.76345,,,29.8019,75.761,29.802,74.7609,29.80228333,75.09511667
Sirsa,Jhuti Khera,528826,N,,,,,29.79668306,75.75752137,29.7961,74.7573,29.79639153,75.25741069
Sirsa,Jhuti Khera,528827,N,,,,,29.805,75.7234,29.80509949,74.7232666,29.80504974,75.2233333
Sirsa,Panjuana,554701,N,,,,,29.6309,75,29.63092041,74.9909668,29.63091021,74.9954834
Sirsa,Panjuana,554703,N,29.626465,74.99909667,,,29.6294,75.0013,29.6265,75.0183,29.627455,75.00623222
Sirsa,Panjuana,554707,N,29.62684167,74.98574667,,,29.6185,75.9989,,,29.62267083,75.49232333
Sirsa,Panjuana,554708,N,,,,,29.618,75.0006,29.61799812,75.0007019,29.61799906,75.00065095
Sirsa,Panjuana,554710,Y,29.62886167,74.98580833,,,29.6381,75.9758,29.6381,74.9759,29.63502056,75.31250278
Sirsa,Panjuana,554717,N,29.625965,74.986085,,,29.6223,75.0094,43.3126,21.8888,34.186955,57.29476167
Sirsa,Panjuana,554722,N,29.62588667,74.986015,,,29.6322,75,29.6322,74.9952,29.63009556,74.99373833
Sirsa,Panjuana,554727,N,29.62741667,74.986265,,,29.6272,75,29.6271,74.9814,29.62723889,74.98922167
Sirsa,Panjuana,554730,Y,29.3730721,75.0002774,29.373931,74.599866,29.6093,75.0023,29.6096,75.002,29.49147578,74.90111085
Sirsa,Panjuana,554738,N,29.3737615,74.5856993,29.374039,74.590155,29.6217,75,29.6217,74.9702,29.49780013,74.78651358
Sirsa,Panjuana,554739,N,29.64466,74.97904167,,,29.643,75.9736,29.6429,74.9737,29.64352,75.30878056
Sirsa,Panjuana,554741,N,29.662335,74.99592,,,,,29.6427,74.9776,29.6525175,74.98676
Sirsa,Panjuana,554742,N,29.625375,74.999905,,,29.6231,75.0008,,,29.6242375,75.0003525
Yamananagar,Ambli,602312,Y,30.24,77.185,30.238684,77.185659,30.234418,77.182517,30.2347393,77.18213654,30.23696033,77.18382813
Yamananagar,Ambli,602313,Y,30.13135167,77.28098,30.238,77.184,30.246909,77.181509,30.24694061,77.18166351,30.21580032,77.20703813
Yamananagar,Ambli,602315,N,30.239,77.184,30.238701,77.184782,30.242636,77.17953,30.2385,77.1841,30.23970925,77.183103
Yamananagar,Ambli,602317,N,30.238,77.184,30.238681,77.184658,30.2323,77.1508,30.238321,77.1839,30.2368255,77.1758395
Yamananagar,Ambli,602320,Y,30.24,77.184,30.226423,77.19164,30.244988,77.184773,,,30.237137,77.18680433
Yamananagar,Ambli,602328,Y,30.2449,77.23311833,30.238697,77.184658,30.238641,77.190296,30.2382,77.1846,30.2401095,77.19816808
Yamananagar,Ambli,602331,N,30.13044833,77.28147833,30.141866,77.110342,30.246958,77.179893,30.247,77.18,30.19156808,77.18792833
Yamananagar,Bal Chhappar,604702,Y,30.144,77.135,30.245571,77.23258,30.2444,77.2328,30.2446,77.2331,30.21964275,77.20837
Yamananagar,Bal Chhappar,604706,Y,30.244,77.134,30.144401,77.14,30.24,77.2411,30.2403,77.2411,30.21717525,77.18905
Yamananagar,Bal Chhappar,604708,Y,30.2447,77.23320833,,,30.145248,77.144357,30.2487,77.24535,30.21288267,77.20763844
Yamananagar,Bal Chhappar,604709,Y,30.244,77.136,30.24560002,77.2333155,30.252,77.225,30.23971,77.227333,30.24532751,77.20541213
Yamananagar,Bal Chhappar,604711,N,30.234,77.144,30.24559933,77.23331549,30.151546,77.141421,,,30.21038178,77.17291216
Yamananagar,Bal Chhappar,604713,N,30.244,77.234,30.24501,77.23379,30.150182,77.140616,30.2505,77.235,30.222423,77.2108515
Yamananagar,Bal Chhappar,604717,Y,30.144,77.136,30.2456612,77.3328112,30.2462,77.2273,30.24608994,77.22750854,30.22048778,77.23090494
Yamananagar,Bal Chhappar,604720,Y,30.144,77.136,30.2455993,77.23331549,,,30.2451,77.2335,30.21156643,77.2009385
Yamananagar,Bal Chhappar,604727,Y,30.234,76.144,30.144441,77.135818,30.145726,77.144418,30.2451,77.2335,30.19231675,76.914434
Yamananagar,Bal Chhappar,604728,Y,30.234,77.144,30.2456721,77.2328413,,,30.2425,77.2265,30.24072403,77.20111377
Yamananagar,Bham Bholi,608101,N,30.19451167,77.21372833,,,,,,,30.19451167,77.21372833
Yamananagar,Bham Bholi,608102,N,30.19524667,77.21253167,,,30.202598,77.215546,30.2027,77.2168,30.20018156,77.21495922
Yamananagar,Bham Bholi,608105,N,30.19479667,77.21232333,,,,,30.1921,77.2099,30.19344833,77.21111167
Yamananagar,Bham Bholi,608108,N,30.1947613,77.2136383,30.114238,77.124661,30.185362,77.22622,30.1854,77.2262,30.16994033,77.19767983
Yamananagar,Bham Bholi,608115,Y,30.19511667,77.21298333,,,30.2007,77.2152,30.2017,77.215,30.19917222,77.21439444
Yamananagar,Bham Bholi,608117,N,30.19518167,77.21274167,,,30.1945,77.2264,30.1937,77.2128,30.19446056,77.21731389
Yamananagar,Bham Bholi,608120,Y,30.19497667,77.21293833,,,,,30.1917,77.2147,30.19333833,77.21381917
Yamananagar,Bham Bholi,608123,N,30.195275,77.21402333,,,30.189873,77.217174,,,30.192574,77.21559867
Yamananagar,Bham Bholi,608127,N,30.1937847,77.2145157,,,,,30.1943,77.2122,30.19404235,77.21335785
Yamananagar,Bham Bholi,608133,N,30.19484,77.21373667,,,30.191528,77.216063,30.1978,77.2139,30.19472267,77.21456656
Yamananagar,Bham Bholi,608134,Y,30.19471667,77.21249167,,,,,30.1923,77.2233,30.19350833,77.21789583
Yamananagar,Bham Bholi,608135,Y,30.194695,77.21232833,,,30.2056,77.2101,30.19808,77.2126,30.19945833,77.21167611
Yamananagar,Chaowala,614501,Y,30.2615242,77.2870712,30.261395,77.287241,30.2603,77.3013,30.2617,77.287,30.2612298,77.29065305
Yamananagar,Chaowala,614503,Y,30.1529647,77.171638,30.152977,77.17166,30.2503,77.3013,30.2583,77.2877,30.20363543,77.2330745
Yamananagar,Chaowala,614510,Y,30.33927667,76.82962,30.154116,77.171285,,,30.26299095,77.28701019,30.25212787,77.09597173
Yamananagar,Chaowala,614512,Y,30.1536509,77.1718702,30.133798,77.224701,30.2661,77.2877,30.2661,77.2876,30.20491223,77.2429678
Yamananagar,Chaowala,614515,Y,30.13121833,77.281645,30.258274,77.287806,,,30.2564,77.2799,30.21529744,77.283117
Yamananagar,Chaowala,614522,Y,30.2583256,77.2887268,30.258177,77.288598,30.2574,77.281,30.257,77.2811,30.25772565,77.2848562
Yamananagar,Chaowala,614525,Y,30.260105,77.28731833,30.1542,77.171345,30.2612,77.2796,30.2618,77.2874,30.23432625,77.25641583
Yamananagar,Kotar Khana,637103,Y,30.225,77.214,30.22535,77.214547,30.22,77.2215,30.2276,77.2138,30.2244875,77.21596175
Yamananagar,Kotar Khana,637105,Y,30.22735333,77.21507833,,,30.2283,77.2124,30.22929764,77.21259308,30.22831699,77.21335714
Yamananagar,Kotar Khana,637106,Y,30.226,77.216,30.133105,77.12511,30.2056,77.2101,30.2276,77.215,30.19807625,77.1915525
Yamananagar,Kotar Khana,637109,Y,30.225,77.214,30.225382,77.214424,30.2025,77.2155,30.2275,77.2141,30.2200955,77.214506
Yamananagar,Kotar Khana,637111,Y,30.24122667,77.178615,,,30.2025,77.2155,30.2165,77.2097,30.22007556,77.20127167
Yamananagar,Kotar Khana,637112,Y,30.22733333,77.21328333,30.227489,77.215163,,,30.2205,77.2091,30.22510744,77.21251544
Yamananagar,Kotar Khana,637114,Y,30.226,77.216,30.224931,77.214606,30.216,77.2095,30.2275,77.2144,30.22360775,77.2136265
Yamananagar,Kotar Khana,637122,Y,30.22516333,77.21464167,30.224813,77.204813,30.2156,77.1893,30.2246,77.2059,30.22254408,77.20366367
Yamananagar,Mandauli Gagar,644702,N,30.1437073,77.4174271,30.1820859,77.4090256,30.1454,77.4152,30.14535,77.4153,30.1541358,77.41423818
Yamananagar,Mandauli Gagar,644705,N,30.15000667,77.41916667,,,30.152,77.4189,,,30.15100333,77.41903333
Yamananagar,Mandauli Gagar,644732,Y,30.162715,77.41586833,,,,,30.1488,77.4124,30.1557575,77.41413417
Yamananagar,Sabalpur,660803,Y,30.19309833,77.21317333,,,30.251,77.1849,30.251,77.1849,30.23169944,77.19432444
Yamananagar,Sabalpur,660804,N,30.22411,77.17549167,,,30.2257,77.1596,30.2258,77.1594,30.22520333,77.16483056
Yamananagar,Sabalpur,660805,Y,30.30017833,76.96869667,30.13175,77.10421,,,30.22550011,77.16034698,30.21914281,77.07775122
Yamananagar,Sabalpur,660806,N,30.1345231,77.0947576,30.214009,77.187208,,,30.22703934,77.16539764,30.19185715,77.14912108
Yamananagar,Sabalpur,660809,Y,30.22930833,77.16348333,30.217825,77.180209,,,30.2278614,77.16516113,30.22499825,77.16961782
Yamananagar,Sabalpur,660810,N,30.22034833,77.176525,,,30.2496,77.1833,30.2483,77.1832,30.23941611,77.18100833
Yamananagar,Sabalpur,660811,N,30.1314106,77.1034158,30.13176,77.10424,30.2291,77.1746,30.2291,77.1746,30.18034265,77.13921395
Yamananagar,Sabalpur,660813,Y,30.2295647,77.1630402,30.220335,77.178185,30.23,77.1644,,,30.22663323,77.16854173
Yamananagar,Sabalpur,660818,Y,30.22346667,77.17538,,,30.2483,77.1856,30.2483,77.1857,30.24002222,77.18222667
Yamananagar,Sabalpur,660821,N,30.22074167,77.17726,,,,,30.2218,77.1831,30.22127083,77.18018
Yamananagar,Sabalpur,660825,Y,30.22874,77.18197167,30.221618,77.178478,,,30.2275,77.17905,30.22595267,77.17983322
Yamananagar,Sugh,667801,Y,30.1357956,77.3635101,30.138524,77.355427,,,30.1356,77.3645,30.13663987,77.3611457
Yamananagar,Sugh,667811,Y,30.136295,77.363965,30.082222,77.213833,30.1444,77.3582,30.1444,77.3584,30.12682925,77.3235995
Yamananagar,Sugh,667813,Y,30.16502,77.41351,30.14176125,77.35435853,30.1416,77.3523,30.1418,77.3547,30.14754531,77.36871713
Yamananagar,Sugh,667814,Y,,,,,30.1424,77.3529,30.1418,77.3545,30.1421,77.3537
Yamananagar,Sugh,667828,Y,30.15560333,77.32599333,30.134524,77.359572,30.1335,77.3537,30.133659,77.353691,30.13932158,77.34823908
Yamananagar,Sugh,667830,Y,,,30.141688,77.354263,30.1401,77.3557,30.1403,77.3565,30.140696,77.35548767
Yamananagar,Sugh,667831,Y,30.14237333,77.35400833,,,30.1326,77.3537,30.1417,77.3545,30.13889111,77.35406944
