District,Village,HH_ID,Burnt,Latitude (Baseline measurement),Longitude_Baseline_measurement,Latitude_Endline_measurement,Longitude_Endline_measurement,Latitude_CCE_measurement,Longitude_CCE_measurement,Lat_Median,Lon_Median
Fategharh,Baraunga Buland,105801,Y,30.63286167,76.27438,30.62891,76.27024,30.374419,76.164135,30.54539689,76.23625167
Fategharh,Baraunga Buland,105803,N,30.63003833,76.26807333,,,30.37406,76.161541,30.50204917,76.21480717
Fategharh,Baraunga Buland,105818,Y,30.61653333,76.27266833,,,30.613683,76.273358,30.61510817,76.27301317
Fategharh,Baraunga Buland,105820,N,30.62059667,76.27804333,,,30.372148,76.171015,30.49637234,76.22452917
Fategharh,Baraunga Buland,105821,Y,30.61886333,76.27735,,,30.373474,76.164884,30.49616867,76.221117
Fategharh,Baraunga Buland,105825,Y,30.62979667,76.26950167,,,30.629732,76.262182,30.62976434,76.26584184
Fategharh,Baraunga Buland,105830,Y,30.62892,76.26972333,,,30.3746329,76.1631856,30.50177645,76.21645447
Fategharh,Baraunga Buland,105831,Y,30.61662167,76.27891,,,30.372615,76.164491,30.49461834,76.2217005
Fategharh,Baraunga Buland,105833,N,30.6287,76.2692,,,30.380819,76.155592,30.5047595,76.212396
Fategharh,Baraunga Buland,105837,Y,30.629,76.269,30.63026,76.26828,30.632338,76.271185,30.63053267,76.26948833
Fategharh,Baraunga Buland,105842,Y,30.62958,76.26862333,,,,,30.62958,76.26862333
Fategharh,Bud Gujran,112401,Y,30.64982333,76.25358833,,,30.390671,76.14338,30.52024717,76.19848417
Fategharh,Bud Gujran,112403,Y,30.65112833,76.25158,,,30.651678,76.251239,30.65140317,76.2514095
Fategharh,Bud Gujran,112404,Y,30.65118667,76.25142167,,,30.651679,76.252536,30.65143284,76.25197884
Fategharh,Bud Gujran,112405,Y,30.63060333,76.268365,30.78219667,76.015145,30.637316,76.244624,30.683372,76.17604467
Fategharh,Bud Gujran,112408,Y,30.650226,76.253845,30.6516,76.2519,30.651458,76.258798,30.65109467,76.25484767
Fategharh,Bud Gujran,112410,N,30.65015,76.252045,30.65039333,76.25221167,30.39,76.144044,30.56351444,76.21610022
Fategharh,Bud Gujran,112414,Y,30.65772167,76.20200167,30.65015833,76.25199167,30.649672,76.250454,30.65251733,76.23481578
Fategharh,Bud Gujran,112418,N,30.64834,76.25382167,,,30.391823,76.142724,30.5200815,76.19827284
Fategharh,Bud Gujran,112419,Y,30.65039333,76.25188333,,,30.390782,76.144391,30.52058767,76.19813717
Fategharh,Bud Gujran,112425,N,30.65608,76.24264333,,,30.392045,76.143095,30.5240625,76.19286917
Fategharh,Bud Gujran,112426,Y,30.649,76.246,30.64953,76.25298,30.652059,76.251661,30.65019633,76.25021367
Fategharh,Chandiala,114304,Y,30.85861167,76.32178833,,,30.856749,76.320068,30.85768034,76.32092817
Fategharh,Chandiala,114306,Y,30.86198,76.32095,30.860445,76.320665,30.865383,76.318108,30.86260267,76.31990767
Fategharh,Chandiala,114308,Y,30.861135,76.321045,,,30.872046,76.317772,30.8665905,76.3194085
Fategharh,Chandiala,114310,Y,30.85483,76.32106167,,,30.859521,76.323335,30.8571755,76.32219834
Fategharh,Chandiala,114313,Y,30.86168667,76.30798833,,,30.861058,76.325995,30.86137234,76.31699167
Fategharh,Chandiala,114315,Y,30.85506333,76.32137333,,,30.510714,76.191054,30.68288867,76.25621367
Fategharh,Chandiala,114318,Y,30.860815,76.3200836,,,30.863862,76.3204,30.8623385,76.3202418
Fategharh,Chandiala,114320,Y,30.855,76.321,30.855788,76.321127,30.857839,76.325922,30.856209,76.322683
Fategharh,Chandiala,114321,Y,30.85561,76.32127167,30.854767,76.322813,30.51661,76.191254,30.742329,76.27844622
Fategharh,Chandiala,114322,Y,30.86173833,76.31997167,,,,,30.86173833,76.31997167
Fategharh,Chandiala,114323,Y,30.81466333,75.91679333,,,30.511262,76.191413,30.66296267,76.05410317
Fategharh,Chandiala,114327,Y,30.856425,76.32274333,,,30.857885,76.318985,30.857155,76.32086417
Fategharh,Chandiala,114336,Y,30.86081,76.32009333,,,30.51498,76.192467,30.687895,76.25628017
Fategharh,Dera Mir Miran,117901,Y,30.3941307,76.2146027,30.661493,76.362867,30.663405,76.361433,30.57300957,76.31296757
Fategharh,Dera Mir Miran,117908,Y,30.66118667,76.36362333,,,,,30.66118667,76.36362333
Fategharh,Dera Mir Miran,117911,Y,30.67208,76.35865833,,,30.655557,76.359075,30.6638185,76.35886667
Fategharh,Dera Mir Miran,117912,Y,30.65647333,76.36726833,,,30.656542,76.368345,30.65650767,76.36780667
Fategharh,Dera Mir Miran,117915,Y,30.660085,76.36318833,,,30.3958082,76.2144579,30.5279466,76.28882312
Fategharh,Dera Mir Miran,117916,Y,30.66009667,76.36368167,,,30.395718,76.214925,30.52790734,76.28930334
Fategharh,Dera Mir Miran,117920,Y,30.659795,76.36480833,,,30.654501,76.360794,30.657148,76.36280117
Fategharh,Dera Mir Miran,117922,Y,30.65959333,76.36440333,,,30.657124,76.3666536,30.65835867,76.36552847
Fategharh,Dera Mir Miran,117924,Y,30.66038833,76.36405,,,30.394947,76.213408,30.52766767,76.288729
Fategharh,Dera Mir Miran,117928,Y,30.65880167,76.36340833,30.3931351,76.2149268,30.656951,76.362884,30.56962926,76.31373971
Fategharh,Dera Mir Miran,117930,Y,30.39342,76.216608,30.659761,76.365552,30.658387,76.358008,30.57052267,76.31338933
Fategharh,Dera Mir Miran,117933,Y,30.65980333,76.36479333,,,30.40009,76.214919,30.52994667,76.28985617
Fategharh,Harlalpur,125901,N,30.6490307,76.3529205,30.649624,76.352744,30.390042,76.211009,30.5628989,76.30555783
Fategharh,Harlalpur,125902,Y,30.6485672,76.3535614,30.649511,76.352736,30.652352,76.352828,30.6501434,76.3530418
Fategharh,Harlalpur,125903,Y,30.648492,76.3530502,30.64931289,76.35276981,30.65242004,76.34850311,30.65007498,76.35144104
Fategharh,Harlalpur,125904,N,30.64919833,76.35352667,,,30.391714,76.210813,30.52045617,76.28216984
Fategharh,Harlalpur,125913,N,30.6492214,76.3529053,30.649286,76.352783,30.654881,76.352587,30.65112947,76.35275843
Fategharh,Harlalpur,125914,Y,30.649575,76.35264,,,30.648737,76.34499,30.649156,76.348815
Fategharh,Harlalpur,125916,Y,30.64839833,76.35344167,30.566612,76.545802,30.654444,76.351708,30.62315144,76.41698389
Fategharh,Harlalpur,125925,Y,30.65030333,76.35699167,,,30.653594,76.353034,30.65194867,76.35501284
Fategharh,Harlalpur,125929,Y,30.64949,76.35573833,,,30.64449221,76.355281,30.64699111,76.35550967
Fategharh,Harlalpur,125932,Y,30.649465,76.35462667,30.63063667,76.26836833,30.384145,76.211275,30.55474889,76.27809
Fategharh,Hussainpura,126606,Y,30.71694167,76.43517167,30.71813049,76.43478731,30.719872,76.463325,30.71831472,76.44442799
Fategharh,Hussainpura,126607,Y,30.71713,76.43605,,,30.721104,76.447059,30.719117,76.4415545
Fategharh,Hussainpura,126611,Y,30.70997333,76.44453667,,,30.708033,76.441763,30.70900317,76.44314984
Fategharh,Hussainpura,126628,Y,30.71777167,76.43795667,30.71817167,76.43773833,30.718751,76.437859,30.71823145,76.43785133
Fategharh,Hussainpura,126631,Y,30.7189846,76.436352,30.718175,76.437686,30.719104,76.436336,30.71875453,76.43679133
Fategharh,Hussainpura,126633,Y,30.71882333,76.43584167,,,30.231339,76.436441,30.47508117,76.43614134
Fategharh,Jiwanpura,128907,Y,,,,,30.525086,76.464407,30.525086,76.464407
Fategharh,Jiwanpura,128908,Y,30.53414667,76.49368167,30.76101667,76.08657,30.520358,76.471046,30.60517378,76.35043256
Fategharh,Jiwanpura,128914,Y,30.517,76.465,30.51607333,76.46718167,30.534156,76.480647,30.52240978,76.47094289
Fategharh,Jiwanpura,128921,N,30.51887667,76.46447667,,,30.515921,76.465926,30.51739884,76.46520134
Fategharh,Jiwanpura,128926,Y,30.5194511,76.4645844,30.519471,76.464585,30.312223,76.272045,30.4503817,76.4004048
Fategharh,Jiwanpura,128929,Y,30.51760833,76.46506333,30.58765667,76.42055833,30.526672,76.465722,30.543979,76.45044789
Fategharh,Jiwanpura,128930,N,30.5176,76.46443,,,30.520317,76.473699,30.5189585,76.4690645
Fategharh,Jiwanpura,128931,Y,30.51770833,76.46501167,,,30.5190378,76.467118,30.51837307,76.46606484
Fategharh,Jiwanpura,128932,Y,30.51842667,76.46362333,,,,,30.51842667,76.46362333
Fategharh,Jiwanpura,128934,Y,30.51571,76.465015,,,30.522127,76.474183,30.5189185,76.469599
Fategharh,Jiwanpura,128940,N,,,,,30.526672,76.465722,30.526672,76.465722
Fategharh,Jiwanpura,128941,Y,30.52383833,76.476765,30.517745,76.464789,30.534146,76.480651,30.52524311,76.47406833
Fategharh,Lallon Khurd,139501,N,30.61,76.123,30.611898,76.12301,30.371559,76.072503,30.53115233,76.106171
Fategharh,Lallon Khurd,139503,Y,30.60975333,76.1227,,,30.364963,76.07404,30.48735817,76.09837
Fategharh,Lallon Khurd,139505,N,30.6113491,76.1237869,30.610335,76.122145,30.610549,76.124583,30.61074437,76.12350497
Fategharh,Lallon Khurd,139506,Y,30.6119499,76.122879,,,30.365252,76.070824,30.48860095,76.0968515
Fategharh,Lallon Khurd,139507,Y,30.6113396,76.1227112,30.610445,76.12200667,30.371011,76.072689,30.53093187,76.10580229
Fategharh,Lallon Khurd,139510,N,30.61131,76.121295,,,30.363012,76.075365,30.487161,76.09833
Fategharh,Lallon Khurd,139512,Y,,,,,30.365208,76.071348,30.365208,76.071348
Fategharh,Lallon Khurd,139514,Y,30.61008833,76.12063167,30.605423,76.125412,,,30.60775567,76.12302184
Fategharh,Lallon Khurd,139517,Y,30.611,76.121,30.75,76.78,30.364982,76.071363,30.57532733,76.324121
Fategharh,Lallon Khurd,139518,Y,30.61023333,76.12292167,,,30.609983,76.125745,30.61010817,76.12433334
Fategharh,Lallon Khurd,139519,Y,30.6108723,76.1233215,30.78951,75.987165,30.610579,76.1240911,30.67032043,76.07819253
Fategharh,Lallon Khurd,139524,Y,30.61104833,76.12141667,,,30.616064,76.122157,30.61355617,76.12178684
Fategharh,Lallon Khurd,139528,Y,30.61044833,76.12312833,,,30.60945,76.125403,30.60994917,76.12426567
Fategharh,Mianpur,147301,Y,30.516,76.479,30.51612595,76.48051965,30.522709,76.48024,30.51827832,76.47991988
Fategharh,Mianpur,147303,Y,30.53019833,76.49804667,30.51574153,76.48103596,30.509683,76.474405,30.51854095,76.48449588
Fategharh,Mianpur,147305,Y,30.51613167,76.480635,,,30.303827,76.292548,30.40997934,76.3865915
Fategharh,Mianpur,147311,Y,30.51816333,76.48744333,30.517385,76.485601,30.51722,76.486347,30.51758944,76.48646378
Fategharh,Mianpur,147315,Y,30.37533667,76.65046833,30.51540224,76.48101195,30.312071,76.284605,30.40093664,76.47202843
Fategharh,Mianpur,147316,Y,30.521,76.482,30.517385,76.485601,30.51826,76.4888136,30.51888167,76.48547153
Fategharh,Mianpur,147329,Y,,,,,30.305023,76.285699,30.305023,76.285699
Fategharh,Mianpur,147333,Y,30.51534833,76.4805,30.51624,76.48081,30.510693,76.490583,30.51409378,76.48396433
Fategharh,Mianpur,147336,Y,30.516,76.48,30.516278,76.480615,30.516575,76.476581,30.51628433,76.47906533
Fategharh,Mianpur,147337,Y,30.516035,76.47798833,,,30.520631,76.483986,30.518333,76.48098717
Fategharh,Nanowal,151701,Y,30.85824167,76.31293833,30.854851,76.307945,,,30.85654634,76.31044167
Fategharh,Nanowal,151702,Y,30.86394,76.309765,,,,,30.86394,76.309765
Fategharh,Nanowal,151706,Y,30.858575,76.30735333,,,30.87501,76.31089,30.8667925,76.30912167
Fategharh,Nanowal,151708,Y,30.856,76.306,30.5124756,76.1824286,30.856857,76.305389,30.74177753,76.26460587
Fategharh,Nanowal,151714,Y,30.85771667,76.306995,,,30.853339,76.307444,30.85552784,76.3072195
Fategharh,Nanowal,151720,Y,30.85750833,76.30830833,,,30.523329,76.183168,30.69041867,76.24573817
Fategharh,Nanowal,151723,Y,30.8568726,76.3079758,30.856918,76.309466,30.520964,76.175886,30.7449182,76.2644426
Fategharh,Nanowal,151726,Y,30.85013167,76.30855833,,,30.850338,76.308803,30.85023484,76.30868067
Fategharh,Nanowal,151727,Y,30.85566,76.30992333,,,30.850257,76.313217,30.8529585,76.31157017
Fategharh,Nanowal,151732,Y,30.8488,76.3084,30.84977685,76.30837052,30.846948,76.315118,30.84850828,76.31062951
Fategharh,Nanowal,151738,Y,30.85590667,76.30961,,,30.510096,76.183781,30.68300134,76.2466955
Fategharh,Salana Dulla Singh Wala,161802,Y,30.65602167,76.19953667,,,30.648395,76.199397,30.65220834,76.19946684
Fategharh,Salana Dulla Singh Wala,161803,Y,,,,,,,,
Fategharh,Salana Dulla Singh Wala,161807,Y,30.65646833,76.20005167,,,30.653164,76.200587,30.65481617,76.20031934
Fategharh,Salana Dulla Singh Wala,161814,Y,30.65816833,76.199925,,,30.653956,76.196397,30.65606217,76.198161
Fategharh,Salana Dulla Singh Wala,161819,Y,30.3932388,76.1158533,30.63374,76.20445,30.653488,76.186196,30.5601556,76.1688331
Fategharh,Salana Dulla Singh Wala,161824,Y,30.66074,76.19148333,30.658386,76.198234,30.660725,76.191686,30.65995033,76.19380111
Fategharh,Salana Dulla Singh Wala,161828,Y,30.65969,76.198155,,,30.655411,76.189924,30.6575505,76.1940395
Fategharh,Salana Dulla Singh Wala,161830,Y,30.3932058,76.1157352,30.393377,76.115269,30.6506,76.193511,30.47906093,76.14150507
Fategharh,Shadipur,164502,Y,30.750725,76.43275,,,30.749241,76.433927,30.749983,76.4333385
Fategharh,Shadipur,164504,Y,30.75188,76.43172,30.75207,76.431798,,,30.751975,76.431759
Fategharh,Shadipur,164505,Y,30.751,76.433,30.76171,76.43245,30.7498803,76.434648,30.75419677,76.433366
Fategharh,Shadipur,164506,Y,30.74914,76.40985667,,,30.759424,76.424636,30.754282,76.41724634
Fategharh,Shadipur,164507,Y,30.75151,76.43104167,,,30.749241,76.429939,30.7503755,76.43049034
Fategharh,Shadipur,164509,Y,30.75279,76.43059667,,,30.451081,76.254884,30.6019355,76.34274034
Fategharh,Shadipur,164515,Y,,,,,30.75044,76.426983,30.75044,76.426983
Fategharh,Shadipur,164516,Y,,,,,,,,
Fategharh,Shadipur,164523,Y,,,,,30.750143,76.435806,30.750143,76.435806
Fategharh,Shadipur,164524,Y,30.75179,76.42952833,,,,,30.75179,76.42952833
Fategharh,Shadipur,164526,Y,30.75063333,76.43297,,,30.750294,76.433396,30.75046367,76.433183
Fategharh,Shadipur,164527,Y,30.75266333,76.430905,,,30.451247,76.25296,30.60195517,76.3419325
Fategharh,Shadipur,164530,Y,30.74886,76.43488,,,30.451746,76.254672,30.600303,76.344776
Fategharh,Shadipur,164531,Y,30.751745,76.432805,,,30.450874,76.253968,30.6013095,76.3433865
Fatehabad,Bangram,205401,Y,,,,,29.4512,75.4125,29.4512,75.4125
Fatehabad,Bangram,205406,N,29.43183667,75.42582667,,,29.4301,75.4283,29.43096834,75.42706334
Fatehabad,Bangram,205408,Y,29.449665,75.424135,,,29.4457,75.3995,29.4476825,75.4118175
Fatehabad,Bangram,205411,Y,,,,,29.449,75.4143,29.449,75.4143
Fatehabad,Bangram,205416,Y,,,,,29.2705,75.2431,29.2705,75.2431
Fatehabad,Bangram,205422,Y,,,,,29.4641,75.4241,29.4641,75.4241
Fatehabad,Bangram,205430,Y,,,,,29.4676,75.4165,29.4676,75.4165
Fatehabad,Bangram,205441,Y,,,,,29.4625,75.4141,29.4625,75.4141
Fatehabad,Hasinga,226101,N,29.60308,75.61711833,,,29.609096,75.617031,29.606088,75.61707467
Fatehabad,Hasinga,226106,N,,,,,29.5906,75.6653,29.5906,75.6653
Fatehabad,Hasinga,226107,N,29.59551833,75.62518333,,,29.595322,75.625797,29.59542017,75.62549017
Fatehabad,Hasinga,226108,N,,,,,29.5951,75.621,29.5951,75.621
Fatehabad,Hasinga,226115,N,,,,,29.5965,75.6149,29.5965,75.6149
Fatehabad,Hasinga,226116,N,29.58928,75.6186,,,29.5894,75.619,29.58934,75.6188
Fatehabad,Hasinga,226117,N,,,,,29.5791,75.6172,29.5791,75.6172
Fatehabad,Hasinga,226119,N,29.60262833,75.61756833,,,29.601875,75.61211,29.60225167,75.61483917
Fatehabad,Hasinga,226129,N,29.60284667,75.617785,,,29.5796,75.6205,29.59122334,75.6191425
Fatehabad,Hasinga,226130,N,,,,,29.58675,75.619967,29.58675,75.619967
Fatehabad,Hasinga,226135,N,29.602635,75.61742,,,29.581872,75.620021,29.5922535,75.6187205
Fatehabad,Hasinga,226136,N,,,,,,,,
Fatehabad,Khariati Khera,234924,Y,29.51030167,75.35730167,,,,,29.51030167,75.35730167
Fatehabad,Khariati Khera,234925,Y,29.51012,75.35706,,,29.518224,75.341923,29.514172,75.3494915
Fatehabad,Khariati Khera,234926,Y,,,,,29.5164,75.3676,29.5164,75.3676
Fatehabad,Khariati Khera,234928,Y,,,,,29.5165,75.348305,29.5165,75.348305
Fatehabad,Khariati Khera,234929,Y,,,,,29.518025,75.342332,29.518025,75.342332
Fatehabad,Khariati Khera,234931,Y,,,,,29.5175,75.3476,29.5175,75.3476
Fatehabad,Khariati Khera,234933,Y,,,,,29.5165,75.3423,29.5165,75.3423
Fatehabad,Khariati Khera,234934,Y,29.51056333,75.35744,,,29.5126,75.3663,29.51158167,75.36187
Fatehabad,Khariati Khera,234935,Y,,,,,29.5147,75.3697,29.5147,75.3697
Fatehabad,Khariati Khera,234936,Y,,,,,29.5131,75.3669,29.5131,75.3669
Fatehabad,Lalauda,239102,Y,29.63932667,75.87447333,,,29.628752,75.861022,29.63403934,75.86774767
Fatehabad,Lalauda,239104,Y,29.3822837,75.5228215,29.640129,75.874489,29.6227,75.8778,29.5483709,75.75837017
Fatehabad,Lalauda,239110,Y,,,,,29.641218,75.892926,29.641218,75.892926
Fatehabad,Lalauda,239119,Y,29.63911667,75.87461667,,,29.621187,75.868354,29.63015184,75.87148534
Fatehabad,Lalauda,239120,Y,29.64595,75.86731,,,29.641845,75.88865,29.6438975,75.87798
Fatehabad,Lalauda,239124,Y,29.62821167,75.86922333,,,29.6272,75.8731,29.62770584,75.87116167
Fatehabad,Lalauda,239125,Y,29.63753,75.87362333,,,29.635,75.8739,29.636265,75.87376167
Fatehabad,Lalauda,239136,Y,29.63558833,75.87211833,,,29.6233,75.8748,29.62944417,75.87345917
Fatehabad,Lalauda,239138,Y,29.63760333,75.87370833,,,29.6393,75.8739,29.63845167,75.87380417
Fatehabad,Lalauda,239139,Y,29.63777333,75.87411833,,,29.6238,75.8755,29.63078667,75.87480917
Fatehabad,Nangli,251501,Y,29.615635,75.88783667,,,29.609186,75.878558,29.6124105,75.88319734
Fatehabad,Nangli,251502,Y,29.365253,75.5310979,29.614771,75.88607,29.6152,75.8689,29.53174133,75.76202263
Fatehabad,Nangli,251503,Y,29.61504833,75.88886167,,,29.627583,75.889605,29.62131567,75.88923334
Fatehabad,Nangli,251504,Y,29.61540833,75.88770833,,,29.61417389,75.88182068,29.61479111,75.88476451
Fatehabad,Nangli,251505,Y,29.61442833,75.88689333,,,29.6173,75.8855,29.61586417,75.88619667
Fatehabad,Nangli,251508,Y,,,,,29.607558,75.87907,29.607558,75.87907
Fatehabad,Nangli,251512,Y,,,,,29.6222,75.8857,29.6222,75.8857
Fatehabad,Nangli,251513,Y,29.61654,75.88446667,,,29.6211,75.8857,29.61882,75.88508334
Fatehabad,Nangli,251521,Y,29.61527167,75.88890833,,,29.677626,75.890412,29.64644884,75.88966017
Fatehabad,Nangli,251522,Y,,,,,29.6146,75.8754,29.6146,75.8754
Fatehabad,Nangli,251525,Y,,,,,29.60977,75.878428,29.60977,75.878428
Fatehabad,Nangli,251526,Y,29.614495,75.887715,,,29.6216,75.8857,29.6180475,75.8867075
Fatehabad,Nangli,251527,Y,29.61551667,75.88896333,,,29.628152,75.889979,29.62183434,75.88947117
Fatehabad,Nangli,251529,Y,29.3652646,75.5311309,29.614702,75.88577,29.601044,75.887609,29.52700353,75.76816997
Fatehabad,Shekhupur Sotar,266015,Y,29.58999333,75.56560167,,,29.35167,75.342166,29.47083167,75.45388384
Fatehabad,Shekhupur Sotar,266021,Y,29.5889,75.56533167,,,29.5847,75.5628,29.5868,75.56406584
Ludhiana,Daudpur,317402,Y,30.72495167,76.20108833,30.725344,76.200762,30.432934,76.120089,30.62774322,76.17397978
Ludhiana,Daudpur,317425,Y,30.73413667,76.1936,,,30.440299,76.113667,30.58721784,76.1536335
Ludhiana,Daudpur,317429,Y,30.72514667,76.18908667,30.725344,76.200762,30.435482,76.1137,30.62865756,76.16784956
Ludhiana,Dhandra,318803,Y,30.83026167,75.828755,,,30.841787,75.817245,30.83602434,75.823
Ludhiana,Dhandra,318809,Y,30.83057667,75.83008167,,,30.825067,75.846869,30.82782184,75.83847534
Ludhiana,Dhandra,318817,Y,30.83094,75.82797,,,30.831348,75.84697,30.831144,75.83747
Ludhiana,Dhandra,318824,Y,30.83057667,75.82762333,,,30.8282536,75.840629,30.82941514,75.83412617
Ludhiana,Dhandra,318830,Y,30.83084333,75.83200667,,,30.830951,75.846432,30.83089717,75.83921934
Ludhiana,Dhandra,318831,Y,30.83208,75.83159667,,,30.825055,75.835134,30.8285675,75.83336534
Ludhiana,Dhandra,318834,Y,,,,,30.848574,75.819683,30.848574,75.819683
Ludhiana,Gaggar Majra,322302,Y,,,,,30.738886,76.139126,30.738886,76.139126
Ludhiana,Gaggar Majra,322303,Y,30.71782833,76.145585,,,,,30.71782833,76.145585
Ludhiana,Gaggar Majra,322307,Y,30.73641167,76.13682,,,30.736724,76.132453,30.73656784,76.1346365
Ludhiana,Gaggar Majra,322316,Y,30.73576,76.13788167,30.82996064,75.83014365,30.73399,76.136482,30.76657021,76.03483577
Ludhiana,Gaggar Majra,322317,Y,30.73598833,76.13635333,,,30.735092,76.136545,30.73554017,76.13644917
Ludhiana,Gaggar Majra,322320,Y,30.71511333,76.143335,30.856711,76.32214,30.712421,76.129864,30.76141511,76.19844633
Ludhiana,Gaggar Majra,322322,Y,30.737185,76.13774333,,,30.736883,76.138365,30.737034,76.13805417
Ludhiana,Gaggar Majra,322325,Y,30.71821,76.14421167,,,30.721888,76.14908,30.720049,76.14664584
Ludhiana,Gaggar Majra,322331,Y,30.73751667,76.13770167,,,30.73423078,76.81724633,30.73587373,76.477474
Ludhiana,Gaggar Majra,322334,Y,30.71837,76.14890833,,,30.728055,76.139565,30.7232125,76.14423667
Ludhiana,Kakrala Khurd,329706,Y,30.84037667,76.26846833,,,30.84038,76.271173,30.84037834,76.26982067
Ludhiana,Kakrala Khurd,329714,Y,30.84263667,76.293075,,,,,30.84263667,76.293075
Ludhiana,Kakrala Khurd,329721,Y,30.84328,76.2933036,30.84213988,76.29135576,,,30.84270994,76.29232968
Ludhiana,Kakrala Khurd,329725,Y,30.84444333,76.272795,,,30.503057,76.165823,30.67375017,76.219309
Ludhiana,Kakrala Khurd,329728,Y,30.841505,76.29262667,,,30.834555,76.290806,30.83803,76.29171634
Ludhiana,Kakrala Khurd,329729,N,30.84504833,76.26834667,,,,,30.84504833,76.26834667
Ludhiana,Kakrala Khurd,329735,Y,30.83987333,76.268825,,,30.501555,76.161507,30.67071417,76.215166
Ludhiana,Kakrala Khurd,329738,Y,30.84440833,76.28989167,,,,,30.84440833,76.28989167
Ludhiana,Kakrala Khurd,329744,Y,30.83993333,76.26904167,,,,,30.83993333,76.26904167
Ludhiana,Mahmudpura,342101,Y,30.5008,75.5001,30.844278,75.85318,,,30.672539,75.67664
Ludhiana,Mahmudpura,342102,Y,,,,,30.835682,75.837065,30.835682,75.837065
Ludhiana,Mahmudpura,342103,Y,30.83517167,75.835705,,,30.834208,75.834865,30.83468984,75.835285
Ludhiana,Mahmudpura,342104,Y,30.83635667,75.83332833,,,30.833267,75.843237,30.83481184,75.83828267
Ludhiana,Mahmudpura,342105,Y,30.83552667,75.83266833,,,30.833668,75.839199,30.83459734,75.83593367
Ludhiana,Mahmudpura,342111,Y,30.826295,75.83272333,,,30.833635,75.842174,30.829965,75.83744867
Ludhiana,Mahmudpura,342113,Y,30.83433167,75.84060833,,,,,30.83433167,75.84060833
Ludhiana,Mahmudpura,342125,Y,30.5006896,75.5003635,30.8407,75.8328,30.83003,75.841512,30.72380653,75.72489183
Ludhiana,Sarwarpur,363604,Y,,,,,,,,
Ludhiana,Sarwarpur,363621,Y,30.79535833,76.25048667,,,30.474293,76.150244,30.63482567,76.20036534
Ludhiana,Sarwarpur,363627,Y,30.79378667,76.25073833,,,,,30.79378667,76.25073833
Ludhiana,Sarwarpur,363635,Y,30.80675,76.26760667,,,30.481598,76.16242,30.644174,76.21501334
Ludhiana,Sarwarpur,363636,Y,30.90154167,75.81658167,,,30.485765,76.162558,30.69365334,75.98956984
Ludhiana,Sarwarpur,363642,Y,30.79483667,76.25233667,,,30.47215,76.151587,30.63349334,76.20196184
Patiala,Danipur,416501,Y,30.20216,76.205545,30.2040383,76.203928,30.207672,76.20556,30.20462343,76.205011
Patiala,Danipur,416502,Y,30.2040672,76.2041931,30.20413696,76.20398186,30.208847,76.203858,30.20568372,76.20401099
Patiala,Danipur,416505,Y,30.20414667,76.204245,,,30.122157,76.123817,30.16315184,76.164031
Patiala,Danipur,416508,Y,30.1217938,76.121721,30.203525,76.204567,30.122753,76.122809,30.14935727,76.149699
Patiala,Danipur,416510,Y,30.20191833,76.20504667,,,30.208804,76.203606,30.20536117,76.20432634
Patiala,Danipur,416515,Y,30.203275,76.20480833,,,30.122559,76.12326,30.162917,76.16403417
Patiala,Danipur,416516,Y,30.199605,76.19922,,,30.199725,76.199796,30.199665,76.199508
Patiala,Danipur,416533,Y,30.20441167,76.20516333,,,30.205573,76.202417,30.20499234,76.20379017
Patiala,Danipur,416537,Y,30.20420333,76.20423667,,,30.206089,76.204376,30.20514617,76.20430634
Patiala,Danipur,416538,Y,30.1211209,76.121653,30.204098,76.204412,30.121371,76.123756,30.1488633,76.14994033
Patiala,Ghiora,423101,Y,30.51816333,76.40468,,,30.124472,76.267277,30.32131767,76.3359785
Patiala,Ghiora,423104,Y,30.531255,76.40436333,,,,,30.531255,76.40436333
Patiala,Ghiora,423105,Y,,,,,,,,
Patiala,Ghiora,423110,Y,30.12481833,76.270485,,,30.075585,76.160897,30.10020167,76.215691
Patiala,Ghiora,423116,Y,30.12551833,76.26917333,,,,,30.12551833,76.26917333
Patiala,Ghiora,423121,Y,30.1251907,76.271286,,,,,30.1251907,76.271286
Patiala,Ghiora,423125,Y,30.12818667,76.28338167,,,,,30.12818667,76.28338167
Patiala,Ghiora,423127,Y,30.19657,76.34593833,30.335459,76.4066509,,,30.2660145,76.37629462
Patiala,Ghiora,423129,Y,30.75932667,76.08998167,,,,,30.75932667,76.08998167
Patiala,Ghiora,423130,Y,30.124765,76.27112,,,,,30.124765,76.27112
Patiala,Kalyan,430708,Y,30.35753667,76.30482167,,,30.372733,76.302281,30.36513484,76.30355134
Patiala,Kalyan,430716,Y,,,,,30.363714,76.284174,30.363714,76.284174
Patiala,Kalyan,430720,Y,30.359365,76.30672333,,,30.352918,76.299342,30.3561415,76.30303267
Patiala,Kalyan,430722,Y,30.35728333,76.30375667,,,30.369844,76.296498,30.36356367,76.30012734
Patiala,Kalyan,430727,Y,30.35889667,76.30209,,,30.362101,76.300222,30.36049884,76.301156
Patiala,Kalyan,430730,Y,30.358265,76.30596167,,,,,30.358265,76.30596167
Patiala,Kalyan,430732,Y,30.35706833,76.305475,,,30.363935,76.300777,30.36050167,76.303126
Patiala,Kheri Barna,435502,Y,30.24040833,76.26473667,,,30.19899,76.29326,30.21969917,76.27899834
Patiala,Kheri Barna,435508,Y,30.20512333,76.30247,,,30.208687,76.304998,30.20690517,76.303734
Patiala,Kheri Barna,435511,Y,30.20352,76.30269167,,,30.199998,76.295722,30.201759,76.29920684
Patiala,Kheri Barna,435513,Y,30.198165,76.30192167,,,,,30.198165,76.30192167
Patiala,Kheri Barna,435515,Y,30.90564167,75.81437667,30.20291906,76.30330724,30.198234,76.30204,30.43559824,76.13990797
Patiala,Kheri Barna,435516,Y,30.204125,76.30318,,,,,30.204125,76.30318
Patiala,Kheri Barna,435518,Y,30.2058392,76.3014832,30.205584,76.301807,30.205837,76.300498,30.2057534,76.30126273
Patiala,Kheri Barna,435519,Y,30.205135,76.30173,30.202897,76.303295,30.196074,76.298532,30.20136867,76.30118567
Patiala,Kheri Barna,435524,Y,30.20553333,76.30209,,,30.205896,76.294921,30.20571467,76.2985055
Patiala,Kheri Barna,435526,Y,30.1216352,76.1808635,,,30.210566,76.302489,30.1661006,76.24167625
Patiala,Kheri Barna,435527,Y,30.121423,76.1804735,30.205089,76.303001,30.206101,76.299953,30.17753767,76.2611425
Patiala,Kheri Barna,435529,Y,30.20378833,76.302555,,,30.198541,76.29208,30.20116467,76.2973175
Patiala,Kheri Barna,435531,Y,30.20455333,76.30209667,30.2056398,76.3019717,30.206166,76.304969,30.20545304,76.30301246
Patiala,Kheri Barna,435535,Y,30.12117011,76.1806081,30.24656,76.303698,30.205528,76.304825,30.19108604,76.2630437
Patiala,Kheri Fattan,435811,Y,30.2348137,76.2735825,30.234085,76.274543,30.232203,76.283216,30.23370057,76.27711383
Patiala,Kheri Fattan,435812,Y,30.23480833,76.27473167,,,,,30.23480833,76.27473167
Patiala,Kheri Fattan,435814,Y,30.23469167,76.27229,,,30.234349,76.268466,30.23452034,76.270378
Patiala,Kheri Fattan,435815,Y,30.23482,76.27188,,,30.228457,76.268446,30.2316385,76.270163
Patiala,Kheri Fattan,435816,Y,30.232165,76.26956167,,,30.227201,76.285539,30.229683,76.27755034
Patiala,Kheri Fattan,435818,Y,30.23495167,76.27393167,,,,,30.23495167,76.27393167
Patiala,Kheri Fattan,435819,Y,30.23055167,76.27601667,,,30.238688,76.286032,30.23461984,76.28102434
Patiala,Kheri Fattan,435826,Y,30.23490667,76.273595,,,30.226826,76.267925,30.23086634,76.27076
Patiala,Kheri Fattan,435828,Y,30.2349873,76.2741165,30.2346991,76.27420093,30.237098,76.28779,30.2355948,76.27870248
Patiala,Kheri Fattan,435832,Y,30.2354374,76.2737961,30.23460133,76.27420094,,,30.23501937,76.27399852
Patiala,Kheri Fattan,435836,Y,30.235075,76.273455,,,30.235371,76.287791,30.235223,76.280623
Patiala,Majoli,442704,Y,30.30236667,76.597155,,,30.292346,76.59776,30.29735634,76.5974575
Patiala,Majoli,442706,Y,30.301,76.597,30.303432,76.596165,30.301711,76.580515,30.30204767,76.59122667
Patiala,Majoli,442709,Y,30.30373333,76.59695667,,,30.303782,76.581407,30.30375767,76.58918184
Patiala,Majoli,442710,Y,30.30379833,76.59688667,,,30.181988,76.362048,30.24289317,76.47946734
Patiala,Majoli,442712,Y,30.304065,76.59724333,,,30.30216217,76.59643555,30.30311359,76.59683944
Patiala,Majoli,442715,Y,,,,,,,,
Patiala,Majoli,442719,Y,,,,,,,,
Patiala,Majoli,442728,Y,30.30255167,76.59621167,,,30.18,76.361458,30.24127584,76.47883484
Patiala,Majoli,442737,Y,30.30233667,76.59724167,30.303339,76.596057,30.308505,76.598706,30.30472689,76.59733489
Patiala,Paharipur,453502,Y,30.19795167,76.375685,,,,,30.19795167,76.375685
Patiala,Paharipur,453504,Y,30.18984667,76.37782,30.207001,76.337589,30.186185,76.370408,30.19434422,76.361939
Patiala,Paharipur,453505,Y,,,,,,,,
Patiala,Paharipur,453518,Y,30.198,76.375,30.1147554,76.2233181,30.114031,76.230934,30.14226213,76.27641737
Patiala,Paharipur,453521,Y,30.23787833,76.40191333,30.196573,76.375435,,,30.21722567,76.38867417
Patiala,Paharipur,453527,Y,30.20139167,76.3652,30.1126405,76.233,,,30.15701609,76.2991
Patiala,Paharipur,453530,Y,30.1967106,76.3751984,30.196573,76.37542,,,30.1966418,76.3753092
Patiala,Paharpur,453605,Y,30.2611179,76.25385,30.2610027,76.2535123,30.272376,76.252756,30.2648322,76.25337277
Patiala,Paharpur,453606,N,30.25867167,76.25056,,,30.270482,76.254805,30.26457684,76.2526825
Patiala,Paharpur,453609,Y,30.26106833,76.25259833,,,30.269784,76.254775,30.26542617,76.25368667
Patiala,Paharpur,453611,Y,30.26031833,76.25231,,,30.252871,76.25301,30.25659467,76.25266
Patiala,Paharpur,453613,Y,30.29651333,76.28725833,,,30.261999,76.242654,30.27925617,76.26495617
Patiala,Paharpur,453615,Y,30.26006,76.25154667,,,30.258874,76.249382,30.259467,76.25046434
Patiala,Paharpur,453616,Y,30.25915667,76.25283333,,,30.270175,76.254074,30.26466584,76.25345367
Patiala,Paharpur,453617,Y,30.26077333,76.25247667,,,30.256761,76.249655,30.25876717,76.25106584
Patiala,Paharpur,453618,Y,30.260479,76.2554169,30.2611164,76.2519959,30.256747,76.249662,30.25944747,76.25235827
Patiala,Paharpur,453624,Y,30.26080833,76.25395167,,,30.262285,76.254395,30.26154667,76.25417334
Patiala,Paharpur,453625,Y,30.25917,76.25222333,,,30.258112,76.250079,30.258641,76.25115117
Patiala,Rurki,460704,Y,30.334,76.534,30.33272,76.582002,30.335393,76.579773,30.33403767,76.56525833
Patiala,Rurki,460709,Y,30.332,76.581,30.332176,76.581937,30.33348,76.576495,30.332552,76.57981067
Patiala,Rurki,460714,Y,30.3321171,76.5818558,30.332177,76.581938,30.331911,76.58614,30.33206837,76.58331127
Patiala,Rurki,460719,Y,30.49325833,76.58987,30.335469,76.406645,,,30.41436367,76.4982575
Patiala,Rurki,460725,Y,30.33090833,76.58046667,,,30.327029,76.588251,30.32896867,76.58435884
Patiala,Rurki,460731,Y,30.34494167,76.59550667,30.3321696,76.5833862,30.322673,76.583418,30.33326142,76.58743696
Patiala,Rurki,460734,Y,30.33133,76.58182167,,,30.327017,76.588254,30.3291735,76.58503784
Patiala,Rurki,460740,Y,30.33177667,76.581885,,,,,30.33177667,76.581885
Patiala,Sapar Heri,463102,Y,30.341285,76.35574167,30.101036,76.231466,30.682,76.055,30.37477367,76.21406922
Patiala,Sapar Heri,463106,Y,30.0992928,76.2306519,30.10092761,76.23367164,,,30.10011021,76.23216177
Patiala,Sapar Heri,463108,Y,30.0999,76.22794833,,,30.100217,76.229015,30.1000585,76.22848167
Patiala,Sapar Heri,463113,Y,30.1006203,76.2352142,,,,,30.1006203,76.2352142
Patiala,Sapar Heri,463115,Y,30.099411,76.2306366,30.099434,76.231631,,,30.0994225,76.2311338
Patiala,Sapar Heri,463119,Y,30.1000942,76.2321545,30.10131609,76.23199132,30.245,76.209,30.14880343,76.22438194
Patiala,Sapar Heri,463132,Y,30.09957667,76.250645,,,30.097942,76.254676,30.09875934,76.2526605
Patiala,Sapar Heri,463133,Y,30.10527833,76.21322333,30.100925,76.233671,30.053351,76.135826,30.08651811,76.19424011
Patiala,Sapar Heri,463134,Y,30.09917333,76.23135667,,,30.055692,76.134653,30.07743267,76.18300484
Patiala,Sassa Gujran,463712,Y,30.117,76.323,30.335457,76.4066506,30.114302,76.326121,30.18891967,76.35192387
Patiala,Sassa Gujran,463716,Y,30.119,76.325,30.33548,76.4066521,,,30.22724,76.36582605
Patiala,Sassa Gujran,463725,Y,30.30786,76.39737,30.335457,76.4066506,,,30.3216585,76.4020103
Patiala,Sassa Gujran,463727,Y,30.27768333,76.38276833,30.335461,76.406651,,,30.30657217,76.39470967
Patiala,Sassa Gujran,463730,Y,30.42025667,76.05605833,30.0721448,76.195551,30.07065,76.200205,30.18768382,76.15060478
Patiala,Sassa Gujran,463731,Y,30.117,76.323,,,30.11990547,76.32541656,30.11845274,76.32420828
Patiala,Ucha Gaon,470604,Y,30.36776333,76.33381167,,,30.365579,76.335461,30.36667117,76.33463634
Patiala,Ucha Gaon,470606,Y,30.36773167,76.34149,,,30.3802,76.322693,30.37396584,76.3320915
Patiala,Ucha Gaon,470609,Y,30.37179167,76.33825,,,30.366751,76.333768,30.36927134,76.336009
Patiala,Ucha Gaon,470613,Y,30.37573333,76.34102833,,,30.375884,76.33903,30.37580867,76.34002917
Patiala,Ucha Gaon,470620,Y,30.3731,76.33836167,,,30.223576,76.20051,30.298338,76.26943584
Patiala,Ucha Gaon,470621,Y,30.37213667,76.33873667,,,30.370192,76.325393,30.37116434,76.33206484
Patiala,Ucha Gaon,470622,Y,,,,,30.368558,76.330883,30.368558,76.330883
Patiala,Ucha Gaon,470624,Y,30.37320667,76.33895167,,,30.371836,76.334368,30.37252134,76.33665984
Patiala,Ucha Gaon,470627,Y,30.37449667,76.341335,,,,,30.37449667,76.341335
Patiala,Ucha Gaon,470632,Y,30.37220333,76.33138333,,,30.377734,76.330797,30.37496867,76.33109017
Patiala,Ucha Gaon,470635,Y,30.37271,76.33735833,,,30.222526,76.201252,30.297618,76.26930517
Sirsa,Bhangu,508701,N,29.66230667,74.99620667,,,29.6451,75.9964,29.65370334,75.49630334
Sirsa,Bhangu,508703,N,29.64580333,74.98985333,,,29.6462,75.9904,29.64600167,75.49012667
Sirsa,Bhangu,508707,N,29.662305,74.99619167,,,29.6648,75.0042,29.6635525,75.00019584
Sirsa,Bhangu,508709,N,29.662645,74.99623333,,,29.6578,75.011,29.6602225,75.00361667
Sirsa,Bhangu,508715,N,,,,,29.6501,75.9945,29.6501,75.9945
Sirsa,Bhangu,508717,N,,,,,29.6414,75.0068,29.6414,75.0068
Sirsa,Bhangu,508719,N,29.66253,74.99646167,,,29.6529,75.0071,29.657715,75.00178084
Sirsa,Bhangu,508721,N,29.66253667,74.99622833,,,29.643,75.9965,29.65276834,75.49636417
Sirsa,Bhangu,508725,N,29.66236167,74.99561833,,,29.666,75.0098,29.66418084,75.00270917
Sirsa,Bhangu,508732,N,29.66230333,74.996305,29.395413,74.59503,29.6626,75.0041,29.57343878,74.865145
Sirsa,Bhangu,508733,N,29.66471667,74.99450667,,,29.6708,75,29.66775834,74.99725334
Sirsa,Bhangu,508734,N,29.3944514,74.5946487,29.395412,74.595019,29.6458,75.003,29.47855447,74.73088923
Sirsa,Bhangu,508742,N,29.66381333,74.99683,,,29.6621188,75.02020995,29.66296607,75.00851998
Sirsa,Bhangu,508746,N,29.66237833,74.99608,,,29.6531,75,29.65773917,74.99804
Sirsa,Goria Wala,524402,N,29.78418833,74.74964167,,,29.775,75.7501,29.77959417,75.24987084
Sirsa,Goria Wala,524406,N,29.794245,74.75865,,,29.7933,75.7581,29.7937725,75.258375
Sirsa,Goria Wala,524411,N,,,,,29.7794,75.7546,29.7794,75.7546
Sirsa,Goria Wala,524412,N,29.78408333,74.74914833,,,29.7693,75.7515,29.77669167,75.25032417
Sirsa,Goria Wala,524416,N,,,,,29.77,75.7489,29.77,75.7489
Sirsa,Goria Wala,524420,N,29.802845,74.76339,,,29.8045,75.7215,29.8036725,75.242445
Sirsa,Goria Wala,524424,N,29.77748667,74.75472167,,,29.7795,75.752,29.77849334,75.25336084
Sirsa,Goria Wala,524425,N,29.80317333,74.76353833,,,29.805,75.7222,29.80408667,75.24286917
Sirsa,Goria Wala,524427,N,29.78400833,74.74923333,,,29.7664,75.7515,29.77520417,75.25036667
Sirsa,Goria Wala,524429,N,29.78361167,74.75011167,,,29.7751,75.7216,29.77935584,75.23585584
Sirsa,Goria Wala,524432,N,29.78587333,74.75025667,,,29.7769,75.7465,29.78138667,75.24837834
Sirsa,Goria Wala,524436,N,29.78420833,74.74922833,,,29.7921,75.7578,29.78815417,75.25351417
Sirsa,Goria Wala,524440,N,,,,,29.7883,75.7616,29.7883,75.7616
Sirsa,Goria Wala,524444,N,29.4703967,74.4503983,,,29.767,75.7388,29.61869835,75.09459915
Sirsa,Jhuti Khera,528803,N,29.80244167,74.76412667,,,29.805,75.7228,29.80372084,75.24346334
Sirsa,Jhuti Khera,528809,N,29.78404667,74.74944667,,,29.81045341,74.72502136,29.79725004,74.73723402
Sirsa,Jhuti Khera,528812,N,29.80275167,74.7642,,,29.8003,75.7639,29.80152584,75.26405
Sirsa,Jhuti Khera,528813,N,29.80345167,74.763035,,,29.8036,75.7605,29.80352584,75.2617675
Sirsa,Jhuti Khera,528814,N,29.80449833,74.76196667,,,29.8025,75.7596,29.80349917,75.26078334
Sirsa,Jhuti Khera,528816,N,,,,,29.788,75.7371,29.788,75.7371
Sirsa,Jhuti Khera,528820,N,29.80265833,74.764705,,,,,29.80265833,74.764705
Sirsa,Jhuti Khera,528822,N,,,,,29.81,75.7249,29.81,75.7249
Sirsa,Jhuti Khera,528823,N,29.80295,74.76345,,,29.8019,75.761,29.802425,75.262225
Sirsa,Jhuti Khera,528826,N,,,,,29.79668306,75.75752137,29.79668306,75.75752137
Sirsa,Jhuti Khera,528827,N,,,,,29.805,75.7234,29.805,75.7234
Sirsa,Panjuana,554701,N,,,,,29.6309,75,29.6309,75
Sirsa,Panjuana,554703,N,29.626465,74.99909667,,,29.6294,75.0013,29.6279325,75.00019834
Sirsa,Panjuana,554707,N,29.62684167,74.98574667,,,29.6185,75.9989,29.62267084,75.49232334
Sirsa,Panjuana,554708,N,,,,,29.618,75.0006,29.618,75.0006
Sirsa,Panjuana,554710,Y,29.62886167,74.98580833,,,29.6381,75.9758,29.63348084,75.48080417
Sirsa,Panjuana,554717,N,29.625965,74.986085,,,29.6223,75.0094,29.6241325,74.9977425
Sirsa,Panjuana,554722,N,29.62588667,74.986015,,,29.6322,75,29.62904334,74.9930075
Sirsa,Panjuana,554727,N,29.62741667,74.986265,,,29.6272,75,29.62730834,74.9931325
Sirsa,Panjuana,554730,Y,29.3730721,75.0002774,29.373931,74.599866,29.6093,75.0023,29.45210103,74.86748113
Sirsa,Panjuana,554738,N,29.3737615,74.5856993,29.374039,74.590155,29.6217,75,29.45650017,74.72528477
Sirsa,Panjuana,554739,N,29.64466,74.97904167,,,29.643,75.9736,29.64383,75.47632084
Sirsa,Panjuana,554741,N,29.662335,74.99592,,,,,29.662335,74.99592
Sirsa,Panjuana,554742,N,29.625375,74.999905,,,29.6231,75.0008,29.6242375,75.0003525
Yamananagar,Ambli,602312,Y,30.24,77.185,30.238684,77.185659,30.234418,77.182517,30.23770067,77.184392
Yamananagar,Ambli,602313,Y,30.13135167,77.28098,30.238,77.184,30.246909,77.181509,30.20542022,77.21549633
Yamananagar,Ambli,602315,N,30.239,77.184,30.238701,77.184782,30.242636,77.17953,30.24011233,77.18277067
Yamananagar,Ambli,602317,N,30.238,77.184,30.238681,77.184658,30.2323,77.1508,30.236327,77.17315267
Yamananagar,Ambli,602320,Y,30.24,77.184,30.226423,77.19164,30.244988,77.184773,30.237137,77.18680433
Yamananagar,Ambli,602328,Y,30.2449,77.23311833,30.238697,77.184658,30.238641,77.190296,30.240746,77.20269078
Yamananagar,Ambli,602331,N,30.13044833,77.28147833,30.141866,77.110342,30.246958,77.179893,30.17309078,77.19057111
Yamananagar,Bal Chhappar,604702,Y,30.144,77.135,30.245571,77.23258,30.2444,77.2328,30.21132367,77.20012667
Yamananagar,Bal Chhappar,604706,Y,30.244,77.134,30.144401,77.14,30.24,77.2411,30.209467,77.1717
Yamananagar,Bal Chhappar,604708,Y,30.2447,77.23320833,,,30.145248,77.144357,30.194974,77.18878267
Yamananagar,Bal Chhappar,604709,Y,30.244,77.136,30.24560002,77.2333155,30.252,77.225,30.24720001,77.19810517
Yamananagar,Bal Chhappar,604711,N,30.234,77.144,30.24559933,77.23331549,30.151546,77.141421,30.21038178,77.17291216
Yamananagar,Bal Chhappar,604713,N,30.244,77.234,30.24501,77.23379,30.150182,77.140616,30.213064,77.202802
Yamananagar,Bal Chhappar,604717,Y,30.144,77.136,30.2456612,77.3328112,30.2462,77.2273,30.21195373,77.23203707
Yamananagar,Bal Chhappar,604720,Y,30.144,77.136,30.2455993,77.23331549,,,30.19479965,77.18465775
Yamananagar,Bal Chhappar,604727,Y,30.234,76.144,30.144441,77.135818,30.145726,77.144418,30.17472233,76.80807867
Yamananagar,Bal Chhappar,604728,Y,30.234,77.144,30.2456721,77.2328413,,,30.23983605,77.18842065
Yamananagar,Bham Bholi,608101,N,30.19451167,77.21372833,,,,,30.19451167,77.21372833
Yamananagar,Bham Bholi,608102,N,30.19524667,77.21253167,,,30.202598,77.215546,30.19892234,77.21403884
Yamananagar,Bham Bholi,608105,N,30.19479667,77.21232333,,,,,30.19479667,77.21232333
Yamananagar,Bham Bholi,608108,N,30.1947613,77.2136383,30.114238,77.124661,30.185362,77.22622,30.1647871,77.1881731
Yamananagar,Bham Bholi,608115,Y,30.19511667,77.21298333,,,30.2007,77.2152,30.19790834,77.21409167
Yamananagar,Bham Bholi,608117,N,30.19518167,77.21274167,,,30.1945,77.2264,30.19484084,77.21957084
Yamananagar,Bham Bholi,608120,Y,30.19497667,77.21293833,,,,,30.19497667,77.21293833
Yamananagar,Bham Bholi,608123,N,30.195275,77.21402333,,,30.189873,77.217174,30.192574,77.21559867
Yamananagar,Bham Bholi,608127,N,30.1937847,77.2145157,,,,,30.1937847,77.2145157
Yamananagar,Bham Bholi,608133,N,30.19484,77.21373667,,,30.191528,77.216063,30.193184,77.21489984
Yamananagar,Bham Bholi,608134,Y,30.19471667,77.21249167,,,,,30.19471667,77.21249167
Yamananagar,Bham Bholi,608135,Y,30.194695,77.21232833,,,30.2056,77.2101,30.2001475,77.21121417
Yamananagar,Chaowala,614501,Y,30.2615242,77.2870712,30.261395,77.287241,30.2603,77.3013,30.26107307,77.29187073
Yamananagar,Chaowala,614503,Y,30.1529647,77.171638,30.152977,77.17166,30.2503,77.3013,30.1854139,77.214866
Yamananagar,Chaowala,614510,Y,30.33927667,76.82962,30.154116,77.171285,,,30.24669634,77.0004525
Yamananagar,Chaowala,614512,Y,30.1536509,77.1718702,30.133798,77.224701,30.2661,77.2877,30.1845163,77.2280904
Yamananagar,Chaowala,614515,Y,30.13121833,77.281645,30.258274,77.287806,,,30.19474617,77.2847255
Yamananagar,Chaowala,614522,Y,30.2583256,77.2887268,30.258177,77.288598,30.2574,77.281,30.25796753,77.28610827
Yamananagar,Chaowala,614525,Y,30.260105,77.28731833,30.1542,77.171345,30.2612,77.2796,30.22516833,77.24608778
Yamananagar,Kotar Khana,637103,Y,30.225,77.214,30.22535,77.214547,30.22,77.2215,30.22345,77.21668233
Yamananagar,Kotar Khana,637105,Y,30.22735333,77.21507833,,,30.2283,77.2124,30.22782667,77.21373917
Yamananagar,Kotar Khana,637106,Y,30.226,77.216,30.133105,77.12511,30.2056,77.2101,30.188235,77.18373667
Yamananagar,Kotar Khana,637109,Y,30.225,77.214,30.225382,77.214424,30.2025,77.2155,30.21762733,77.21464133
Yamananagar,Kotar Khana,637111,Y,30.24122667,77.178615,,,30.2025,77.2155,30.22186334,77.1970575
Yamananagar,Kotar Khana,637112,Y,30.22733333,77.21328333,30.227489,77.215163,,,30.22741117,77.21422317
Yamananagar,Kotar Khana,637114,Y,30.226,77.216,30.224931,77.214606,30.216,77.2095,30.22231033,77.21336867
Yamananagar,Kotar Khana,637122,Y,30.22516333,77.21464167,30.224813,77.204813,30.2156,77.1893,30.22185878,77.20291822
Yamananagar,Mandauli Gagar,644702,N,30.1437073,77.4174271,30.1820859,77.4090256,30.1454,77.4152,30.1570644,77.41388423
Yamananagar,Mandauli Gagar,644705,N,30.15000667,77.41916667,,,30.152,77.4189,30.15100334,77.41903334
Yamananagar,Mandauli Gagar,644732,Y,30.162715,77.41586833,,,,,30.162715,77.41586833
Yamananagar,Sabalpur,660803,Y,30.19309833,77.21317333,,,30.251,77.1849,30.22204917,77.19903667
Yamananagar,Sabalpur,660804,N,30.22411,77.17549167,,,30.2257,77.1596,30.224905,77.16754584
Yamananagar,Sabalpur,660805,Y,30.30017833,76.96869667,30.13175,77.10421,,,30.21596417,77.03645334
Yamananagar,Sabalpur,660806,N,30.1345231,77.0947576,30.214009,77.187208,,,30.17426605,77.1409828
Yamananagar,Sabalpur,660809,Y,30.22930833,77.16348333,30.217825,77.180209,,,30.22356667,77.17184617
Yamananagar,Sabalpur,660810,N,30.22034833,77.176525,,,30.2496,77.1833,30.23497417,77.1799125
Yamananagar,Sabalpur,660811,N,30.1314106,77.1034158,30.13176,77.10424,30.2291,77.1746,30.1640902,77.1274186
Yamananagar,Sabalpur,660813,Y,30.2295647,77.1630402,30.220335,77.178185,30.23,77.1644,30.22663323,77.16854173
Yamananagar,Sabalpur,660818,Y,30.22346667,77.17538,,,30.2483,77.1856,30.23588334,77.18049
Yamananagar,Sabalpur,660821,N,30.22074167,77.17726,,,,,30.22074167,77.17726
Yamananagar,Sabalpur,660825,Y,30.22874,77.18197167,30.221618,77.178478,,,30.225179,77.18022484
Yamananagar,Sugh,667801,Y,30.1357956,77.3635101,30.138524,77.355427,,,30.1371598,77.35946855
Yamananagar,Sugh,667811,Y,30.136295,77.363965,30.082222,77.213833,30.1444,77.3582,30.12097233,77.31199933
Yamananagar,Sugh,667813,Y,30.16502,77.41351,30.14176125,77.35435853,30.1416,77.3523,30.14946042,77.37338951
Yamananagar,Sugh,667814,Y,,,,,30.1424,77.3529,30.1424,77.3529
Yamananagar,Sugh,667828,Y,30.15560333,77.32599333,30.134524,77.359572,30.1335,77.3537,30.14120911,77.34642178
Yamananagar,Sugh,667830,Y,,,30.141688,77.354263,30.1401,77.3557,30.140894,77.3549815
Yamananagar,Sugh,667831,Y,30.14237333,77.35400833,,,30.1326,77.3537,30.13748667,77.35385417
